date,age_group,bachelors,quintile,employment,respondents
2015-01-01,16-21,False,1,3164.3,1264
2015-01-01,16-21,False,2,3238.5,1329
2015-01-01,16-21,False,3,901.2,358
2015-01-01,16-21,False,4,581.4,228
2015-01-01,16-21,False,5,932.8,381
2015-01-01,16-21,True,1,8.9,2
2015-01-01,16-21,True,2,13.6,5
2015-01-01,16-21,True,3,28.0,8
2015-01-01,16-21,True,4,25.4,12
2015-01-01,16-21,True,5,13.3,5
2015-01-01,22-25,False,1,2784.7,1049
2015-01-01,22-25,False,2,2682.4,1007
2015-01-01,22-25,False,3,1060.7,416
2015-01-01,22-25,False,4,822.4,303
2015-01-01,22-25,False,5,1323.7,483
2015-01-01,22-25,True,1,211.3,82
2015-01-01,22-25,True,2,520.0,209
2015-01-01,22-25,True,3,918.8,343
2015-01-01,22-25,True,4,777.5,303
2015-01-01,22-25,True,5,1066.6,402
2015-01-01,26-30,False,1,3102.1,1194
2015-01-01,26-30,False,2,2556.5,1020
2015-01-01,26-30,False,3,1252.7,494
2015-01-01,26-30,False,4,1118.4,445
2015-01-01,26-30,False,5,1555.9,626
2015-01-01,26-30,True,1,300.2,128
2015-01-01,26-30,True,2,977.9,397
2015-01-01,26-30,True,3,1777.7,733
2015-01-01,26-30,True,4,1686.2,685
2015-01-01,26-30,True,5,1883.7,742
2015-01-01,31-40,False,1,5911.8,2381
2015-01-01,31-40,False,2,4746.4,1910
2015-01-01,31-40,False,3,2387.8,1045
2015-01-01,31-40,False,4,2524.9,1081
2015-01-01,31-40,False,5,3157.6,1311
2015-01-01,31-40,True,1,488.8,199
2015-01-01,31-40,True,2,1470.7,643
2015-01-01,31-40,True,3,3440.7,1453
2015-01-01,31-40,True,4,3683.6,1543
2015-01-01,31-40,True,5,3527.1,1449
2015-01-01,41+,False,1,13578.3,5877
2015-01-01,41+,False,2,11486.2,5071
2015-01-01,41+,False,3,7068.9,3227
2015-01-01,41+,False,4,7236.1,3236
2015-01-01,41+,False,5,8812.3,3971
2015-01-01,41+,True,1,1237.1,538
2015-01-01,41+,True,2,3430.3,1516
2015-01-01,41+,True,3,8531.7,3808
2015-01-01,41+,True,4,9334.2,4055
2015-01-01,41+,True,5,7210.7,3098
2015-02-01,16-21,False,1,2906.9,1152
2015-02-01,16-21,False,2,3323.2,1279
2015-02-01,16-21,False,3,1043.1,399
2015-02-01,16-21,False,4,574.4,212
2015-02-01,16-21,False,5,1049.2,405
2015-02-01,16-21,True,1,16.5,5
2015-02-01,16-21,True,2,35.7,13
2015-02-01,16-21,True,3,35.3,10
2015-02-01,16-21,True,4,15.0,5
2015-02-01,16-21,True,5,26.6,10
2015-02-01,22-25,False,1,2729.8,1028
2015-02-01,22-25,False,2,2903.3,1033
2015-02-01,22-25,False,3,1087.5,398
2015-02-01,22-25,False,4,778.3,292
2015-02-01,22-25,False,5,1350.1,500
2015-02-01,22-25,True,1,212.5,82
2015-02-01,22-25,True,2,544.8,207
2015-02-01,22-25,True,3,884.0,324
2015-02-01,22-25,True,4,807.5,308
2015-02-01,22-25,True,5,1126.9,409
2015-02-01,26-30,False,1,3137.2,1184
2015-02-01,26-30,False,2,2576.5,987
2015-02-01,26-30,False,3,1291.0,496
2015-02-01,26-30,False,4,1075.8,414
2015-02-01,26-30,False,5,1535.0,601
2015-02-01,26-30,True,1,325.3,129
2015-02-01,26-30,True,2,982.2,397
2015-02-01,26-30,True,3,1731.5,688
2015-02-01,26-30,True,4,1753.7,689
2015-02-01,26-30,True,5,1993.5,773
2015-02-01,31-40,False,1,5846.4,2335
2015-02-01,31-40,False,2,4809.0,1902
2015-02-01,31-40,False,3,2390.5,1028
2015-02-01,31-40,False,4,2431.3,1015
2015-02-01,31-40,False,5,3117.8,1273
2015-02-01,31-40,True,1,465.6,192
2015-02-01,31-40,True,2,1526.3,672
2015-02-01,31-40,True,3,3514.2,1494
2015-02-01,31-40,True,4,3680.4,1548
2015-02-01,31-40,True,5,3469.2,1448
2015-02-01,41+,False,1,13211.3,5663
2015-02-01,41+,False,2,11377.4,4908
2015-02-01,41+,False,3,7027.9,3180
2015-02-01,41+,False,4,7449.5,3249
2015-02-01,41+,False,5,9002.0,3970
2015-02-01,41+,True,1,1179.0,518
2015-02-01,41+,True,2,3539.0,1552
2015-02-01,41+,True,3,8441.1,3752
2015-02-01,41+,True,4,9518.1,4098
2015-02-01,41+,True,5,7269.8,3119
2015-03-01,16-21,False,1,2862.9,1143
2015-03-01,16-21,False,2,3366.0,1285
2015-03-01,16-21,False,3,1090.5,424
2015-03-01,16-21,False,4,549.0,208
2015-03-01,16-21,False,5,1025.8,399
2015-03-01,16-21,True,1,13.2,4
2015-03-01,16-21,True,2,32.6,13
2015-03-01,16-21,True,3,35.2,9
2015-03-01,16-21,True,4,10.3,6
2015-03-01,16-21,True,5,38.5,13
2015-03-01,22-25,False,1,2739.4,1021
2015-03-01,22-25,False,2,2849.5,1007
2015-03-01,22-25,False,3,1139.2,407
2015-03-01,22-25,False,4,789.1,297
2015-03-01,22-25,False,5,1326.6,490
2015-03-01,22-25,True,1,203.7,76
2015-03-01,22-25,True,2,582.2,214
2015-03-01,22-25,True,3,868.7,310
2015-03-01,22-25,True,4,796.7,286
2015-03-01,22-25,True,5,1164.3,412
2015-03-01,26-30,False,1,3187.8,1189
2015-03-01,26-30,False,2,2461.5,964
2015-03-01,26-30,False,3,1277.4,495
2015-03-01,26-30,False,4,1094.4,410
2015-03-01,26-30,False,5,1465.2,569
2015-03-01,26-30,True,1,332.8,124
2015-03-01,26-30,True,2,943.5,381
2015-03-01,26-30,True,3,1685.2,667
2015-03-01,26-30,True,4,1810.7,690
2015-03-01,26-30,True,5,1947.2,737
2015-03-01,31-40,False,1,5915.4,2310
2015-03-01,31-40,False,2,4862.6,1925
2015-03-01,31-40,False,3,2403.7,1009
2015-03-01,31-40,False,4,2443.7,1008
2015-03-01,31-40,False,5,3083.7,1255
2015-03-01,31-40,True,1,477.9,200
2015-03-01,31-40,True,2,1597.4,692
2015-03-01,31-40,True,3,3591.9,1484
2015-03-01,31-40,True,4,3757.4,1562
2015-03-01,31-40,True,5,3371.4,1365
2015-03-01,41+,False,1,13632.0,5750
2015-03-01,41+,False,2,11389.8,4827
2015-03-01,41+,False,3,7129.9,3172
2015-03-01,41+,False,4,7644.3,3296
2015-03-01,41+,False,5,9062.5,3955
2015-03-01,41+,True,1,1138.8,513
2015-03-01,41+,True,2,3522.7,1545
2015-03-01,41+,True,3,8277.9,3664
2015-03-01,41+,True,4,9459.4,4042
2015-03-01,41+,True,5,7184.0,2997
2015-04-01,16-21,False,1,2893.1,1174
2015-04-01,16-21,False,2,3500.6,1328
2015-04-01,16-21,False,3,1032.2,419
2015-04-01,16-21,False,4,538.3,197
2015-04-01,16-21,False,5,1109.5,434
2015-04-01,16-21,True,1,10.6,5
2015-04-01,16-21,True,2,36.3,13
2015-04-01,16-21,True,3,29.4,10
2015-04-01,16-21,True,4,5.3,4
2015-04-01,16-21,True,5,56.5,18
2015-04-01,22-25,False,1,2921.3,1074
2015-04-01,22-25,False,2,2862.5,1040
2015-04-01,22-25,False,3,1162.4,439
2015-04-01,22-25,False,4,793.4,307
2015-04-01,22-25,False,5,1260.1,475
2015-04-01,22-25,True,1,168.6,64
2015-04-01,22-25,True,2,590.7,219
2015-04-01,22-25,True,3,765.8,303
2015-04-01,22-25,True,4,873.8,313
2015-04-01,22-25,True,5,1000.3,366
2015-04-01,26-30,False,1,3347.2,1272
2015-04-01,26-30,False,2,2477.9,981
2015-04-01,26-30,False,3,1336.5,522
2015-04-01,26-30,False,4,1092.2,434
2015-04-01,26-30,False,5,1546.6,580
2015-04-01,26-30,True,1,247.4,96
2015-04-01,26-30,True,2,939.3,377
2015-04-01,26-30,True,3,1752.8,691
2015-04-01,26-30,True,4,1709.8,678
2015-04-01,26-30,True,5,1932.2,731
2015-04-01,31-40,False,1,6082.1,2416
2015-04-01,31-40,False,2,4889.6,1974
2015-04-01,31-40,False,3,2513.5,1065
2015-04-01,31-40,False,4,2559.8,1048
2015-04-01,31-40,False,5,2989.2,1250
2015-04-01,31-40,True,1,439.4,191
2015-04-01,31-40,True,2,1570.7,696
2015-04-01,31-40,True,3,3520.8,1501
2015-04-01,31-40,True,4,3763.3,1582
2015-04-01,31-40,True,5,3311.1,1353
2015-04-01,41+,False,1,13770.1,5967
2015-04-01,41+,False,2,11439.8,4955
2015-04-01,41+,False,3,7171.5,3267
2015-04-01,41+,False,4,7705.3,3400
2015-04-01,41+,False,5,9276.2,4075
2015-04-01,41+,True,1,1157.8,519
2015-04-01,41+,True,2,3565.2,1567
2015-04-01,41+,True,3,8289.0,3707
2015-04-01,41+,True,4,9468.1,4090
2015-04-01,41+,True,5,7112.2,2996
2015-05-01,16-21,False,1,3171.8,1268
2015-05-01,16-21,False,2,3561.0,1371
2015-05-01,16-21,False,3,1127.6,432
2015-05-01,16-21,False,4,511.9,198
2015-05-01,16-21,False,5,1039.2,400
2015-05-01,16-21,True,1,13.9,7
2015-05-01,16-21,True,2,30.6,11
2015-05-01,16-21,True,3,30.6,10
2015-05-01,16-21,True,4,16.6,9
2015-05-01,16-21,True,5,62.8,19
2015-05-01,22-25,False,1,2952.8,1106
2015-05-01,22-25,False,2,2949.2,1052
2015-05-01,22-25,False,3,1190.3,432
2015-05-01,22-25,False,4,822.4,305
2015-05-01,22-25,False,5,1203.4,461
2015-05-01,22-25,True,1,206.9,85
2015-05-01,22-25,True,2,642.6,230
2015-05-01,22-25,True,3,776.5,302
2015-05-01,22-25,True,4,841.2,316
2015-05-01,22-25,True,5,1021.4,373
2015-05-01,26-30,False,1,3267.2,1235
2015-05-01,26-30,False,2,2523.0,981
2015-05-01,26-30,False,3,1314.1,509
2015-05-01,26-30,False,4,1034.3,399
2015-05-01,26-30,False,5,1572.2,601
2015-05-01,26-30,True,1,238.3,103
2015-05-01,26-30,True,2,905.8,369
2015-05-01,26-30,True,3,1791.7,726
2015-05-01,26-30,True,4,1733.0,673
2015-05-01,26-30,True,5,1931.7,733
2015-05-01,31-40,False,1,6328.1,2497
2015-05-01,31-40,False,2,4692.0,1920
2015-05-01,31-40,False,3,2540.3,1084
2015-05-01,31-40,False,4,2492.3,1045
2015-05-01,31-40,False,5,2978.4,1245
2015-05-01,31-40,True,1,495.1,213
2015-05-01,31-40,True,2,1637.2,713
2015-05-01,31-40,True,3,3550.7,1558
2015-05-01,31-40,True,4,3713.5,1579
2015-05-01,31-40,True,5,3436.7,1379
2015-05-01,41+,False,1,13857.4,5916
2015-05-01,41+,False,2,11465.7,4914
2015-05-01,41+,False,3,7092.5,3210
2015-05-01,41+,False,4,7650.7,3317
2015-05-01,41+,False,5,8914.3,3887
2015-05-01,41+,True,1,1254.6,549
2015-05-01,41+,True,2,3580.0,1549
2015-05-01,41+,True,3,8481.1,3728
2015-05-01,41+,True,4,9358.0,4000
2015-05-01,41+,True,5,7346.4,3024
2015-06-01,16-21,False,1,3680.0,1491
2015-06-01,16-21,False,2,4031.5,1524
2015-06-01,16-21,False,3,1000.5,396
2015-06-01,16-21,False,4,554.6,210
2015-06-01,16-21,False,5,1174.3,446
2015-06-01,16-21,True,1,18.3,9
2015-06-01,16-21,True,2,51.2,18
2015-06-01,16-21,True,3,24.6,7
2015-06-01,16-21,True,4,26.2,9
2015-06-01,16-21,True,5,44.7,14
2015-06-01,22-25,False,1,2925.9,1080
2015-06-01,22-25,False,2,2912.6,1010
2015-06-01,22-25,False,3,1150.9,414
2015-06-01,22-25,False,4,840.2,301
2015-06-01,22-25,False,5,1180.1,439
2015-06-01,22-25,True,1,240.9,95
2015-06-01,22-25,True,2,686.8,237
2015-06-01,22-25,True,3,776.5,284
2015-06-01,22-25,True,4,844.4,314
2015-06-01,22-25,True,5,1103.4,383
2015-06-01,26-30,False,1,3264.6,1234
2015-06-01,26-30,False,2,2683.7,1003
2015-06-01,26-30,False,3,1285.0,494
2015-06-01,26-30,False,4,1071.4,402
2015-06-01,26-30,False,5,1538.6,570
2015-06-01,26-30,True,1,277.1,114
2015-06-01,26-30,True,2,895.2,347
2015-06-01,26-30,True,3,1649.6,658
2015-06-01,26-30,True,4,1675.3,626
2015-06-01,26-30,True,5,1913.1,715
2015-06-01,31-40,False,1,6175.0,2447
2015-06-01,31-40,False,2,4628.6,1877
2015-06-01,31-40,False,3,2628.7,1104
2015-06-01,31-40,False,4,2540.6,1041
2015-06-01,31-40,False,5,2881.3,1160
2015-06-01,31-40,True,1,514.2,207
2015-06-01,31-40,True,2,1661.3,697
2015-06-01,31-40,True,3,3550.1,1502
2015-06-01,31-40,True,4,3765.4,1564
2015-06-01,31-40,True,5,3479.2,1349
2015-06-01,41+,False,1,13784.3,5825
2015-06-01,41+,False,2,11502.9,4793
2015-06-01,41+,False,3,7003.9,3089
2015-06-01,41+,False,4,7484.7,3224
2015-06-01,41+,False,5,8978.1,3828
2015-06-01,41+,True,1,1286.5,560
2015-06-01,41+,True,2,3617.7,1495
2015-06-01,41+,True,3,8184.8,3485
2015-06-01,41+,True,4,9264.7,3907
2015-06-01,41+,True,5,7192.6,2901
2015-07-01,16-21,False,1,3999.5,1651
2015-07-01,16-21,False,2,4088.5,1571
2015-07-01,16-21,False,3,1026.0,395
2015-07-01,16-21,False,4,599.4,222
2015-07-01,16-21,False,5,1126.4,432
2015-07-01,16-21,True,1,24.7,10
2015-07-01,16-21,True,2,62.8,20
2015-07-01,16-21,True,3,58.7,19
2015-07-01,16-21,True,4,43.6,17
2015-07-01,16-21,True,5,44.0,16
2015-07-01,22-25,False,1,2952.4,1122
2015-07-01,22-25,False,2,2817.8,1019
2015-07-01,22-25,False,3,1052.2,380
2015-07-01,22-25,False,4,697.3,266
2015-07-01,22-25,False,5,1221.8,460
2015-07-01,22-25,True,1,262.8,101
2015-07-01,22-25,True,2,694.0,242
2015-07-01,22-25,True,3,746.8,275
2015-07-01,22-25,True,4,886.4,321
2015-07-01,22-25,True,5,1118.8,396
2015-07-01,26-30,False,1,3308.0,1239
2015-07-01,26-30,False,2,2682.8,1008
2015-07-01,26-30,False,3,1289.1,500
2015-07-01,26-30,False,4,1008.7,377
2015-07-01,26-30,False,5,1519.8,576
2015-07-01,26-30,True,1,341.5,134
2015-07-01,26-30,True,2,874.7,342
2015-07-01,26-30,True,3,1709.7,668
2015-07-01,26-30,True,4,1656.4,617
2015-07-01,26-30,True,5,1958.4,736
2015-07-01,31-40,False,1,6151.4,2444
2015-07-01,31-40,False,2,4583.5,1831
2015-07-01,31-40,False,3,2497.9,1048
2015-07-01,31-40,False,4,2575.5,1027
2015-07-01,31-40,False,5,2885.4,1157
2015-07-01,31-40,True,1,529.6,216
2015-07-01,31-40,True,2,1698.8,691
2015-07-01,31-40,True,3,3346.7,1431
2015-07-01,31-40,True,4,3784.4,1530
2015-07-01,31-40,True,5,3618.4,1381
2015-07-01,41+,False,1,13775.6,5773
2015-07-01,41+,False,2,11421.8,4772
2015-07-01,41+,False,3,7019.2,3058
2015-07-01,41+,False,4,7314.6,3139
2015-07-01,41+,False,5,8871.8,3781
2015-07-01,41+,True,1,1382.3,588
2015-07-01,41+,True,2,3560.6,1492
2015-07-01,41+,True,3,7938.7,3333
2015-07-01,41+,True,4,9412.3,3872
2015-07-01,41+,True,5,7481.1,2930
2015-08-01,16-21,False,1,3579.2,1524
2015-08-01,16-21,False,2,3682.0,1442
2015-08-01,16-21,False,3,987.6,388
2015-08-01,16-21,False,4,505.8,191
2015-08-01,16-21,False,5,1083.0,417
2015-08-01,16-21,True,1,10.7,5
2015-08-01,16-21,True,2,49.8,17
2015-08-01,16-21,True,3,48.7,18
2015-08-01,16-21,True,4,51.7,20
2015-08-01,16-21,True,5,56.0,19
2015-08-01,22-25,False,1,3037.7,1148
2015-08-01,22-25,False,2,2987.9,1047
2015-08-01,22-25,False,3,1115.8,408
2015-08-01,22-25,False,4,777.8,296
2015-08-01,22-25,False,5,1231.0,447
2015-08-01,22-25,True,1,252.1,96
2015-08-01,22-25,True,2,700.7,240
2015-08-01,22-25,True,3,873.6,325
2015-08-01,22-25,True,4,790.7,284
2015-08-01,22-25,True,5,1153.4,409
2015-08-01,26-30,False,1,3244.4,1251
2015-08-01,26-30,False,2,2821.8,1048
2015-08-01,26-30,False,3,1297.2,512
2015-08-01,26-30,False,4,1071.0,394
2015-08-01,26-30,False,5,1473.1,564
2015-08-01,26-30,True,1,299.4,117
2015-08-01,26-30,True,2,885.8,349
2015-08-01,26-30,True,3,1781.2,690
2015-08-01,26-30,True,4,1693.7,637
2015-08-01,26-30,True,5,1783.8,684
2015-08-01,31-40,False,1,6170.2,2441
2015-08-01,31-40,False,2,4602.4,1880
2015-08-01,31-40,False,3,2433.0,1036
2015-08-01,31-40,False,4,2485.9,1008
2015-08-01,31-40,False,5,2850.6,1159
2015-08-01,31-40,True,1,541.4,216
2015-08-01,31-40,True,2,1644.4,676
2015-08-01,31-40,True,3,3561.4,1533
2015-08-01,31-40,True,4,3781.0,1580
2015-08-01,31-40,True,5,3698.7,1444
2015-08-01,41+,False,1,13943.1,5755
2015-08-01,41+,False,2,11385.9,4756
2015-08-01,41+,False,3,7044.9,3081
2015-08-01,41+,False,4,7267.8,3107
2015-08-01,41+,False,5,8742.5,3755
2015-08-01,41+,True,1,1368.1,566
2015-08-01,41+,True,2,3518.8,1475
2015-08-01,41+,True,3,8023.7,3372
2015-08-01,41+,True,4,9688.8,4007
2015-08-01,41+,True,5,7148.8,2866
2015-09-01,16-21,False,1,3285.8,1320
2015-09-01,16-21,False,2,3172.5,1263
2015-09-01,16-21,False,3,990.6,386
2015-09-01,16-21,False,4,514.7,184
2015-09-01,16-21,False,5,1024.4,376
2015-09-01,16-21,True,1,3.9,1
2015-09-01,16-21,True,2,42.4,15
2015-09-01,16-21,True,3,22.9,9
2015-09-01,16-21,True,4,45.8,17
2015-09-01,16-21,True,5,44.6,16
2015-09-01,22-25,False,1,2894.9,1087
2015-09-01,22-25,False,2,2842.8,996
2015-09-01,22-25,False,3,1136.6,389
2015-09-01,22-25,False,4,738.8,277
2015-09-01,22-25,False,5,1205.6,431
2015-09-01,22-25,True,1,209.8,77
2015-09-01,22-25,True,2,661.7,231
2015-09-01,22-25,True,3,910.6,333
2015-09-01,22-25,True,4,885.7,317
2015-09-01,22-25,True,5,1111.4,385
2015-09-01,26-30,False,1,3396.6,1274
2015-09-01,26-30,False,2,2810.3,1032
2015-09-01,26-30,False,3,1318.2,503
2015-09-01,26-30,False,4,1129.2,415
2015-09-01,26-30,False,5,1415.0,525
2015-09-01,26-30,True,1,348.8,132
2015-09-01,26-30,True,2,888.1,353
2015-09-01,26-30,True,3,1751.0,676
2015-09-01,26-30,True,4,1722.7,666
2015-09-01,26-30,True,5,1770.6,671
2015-09-01,31-40,False,1,5977.9,2362
2015-09-01,31-40,False,2,4634.1,1884
2015-09-01,31-40,False,3,2506.9,1045
2015-09-01,31-40,False,4,2457.2,1014
2015-09-01,31-40,False,5,2946.6,1203
2015-09-01,31-40,True,1,497.0,203
2015-09-01,31-40,True,2,1630.7,656
2015-09-01,31-40,True,3,3634.5,1529
2015-09-01,31-40,True,4,3937.6,1608
2015-09-01,31-40,True,5,3675.8,1404
2015-09-01,41+,False,1,13802.8,5695
2015-09-01,41+,False,2,11458.7,4787
2015-09-01,41+,False,3,7079.9,3138
2015-09-01,41+,False,4,7293.8,3128
2015-09-01,41+,False,5,9005.7,3841
2015-09-01,41+,True,1,1214.3,506
2015-09-01,41+,True,2,3584.5,1507
2015-09-01,41+,True,3,8210.4,3476
2015-09-01,41+,True,4,9835.8,4072
2015-09-01,41+,True,5,7299.4,2966
2015-10-01,16-21,False,1,3306.1,1272
2015-10-01,16-21,False,2,3395.3,1333
2015-10-01,16-21,False,3,980.0,383
2015-10-01,16-21,False,4,546.8,202
2015-10-01,16-21,False,5,1101.0,431
2015-10-01,16-21,True,1,15.6,4
2015-10-01,16-21,True,2,31.7,11
2015-10-01,16-21,True,3,11.7,6
2015-10-01,16-21,True,4,34.8,14
2015-10-01,16-21,True,5,45.0,18
2015-10-01,22-25,False,1,2930.4,1083
2015-10-01,22-25,False,2,2718.4,970
2015-10-01,22-25,False,3,1041.4,382
2015-10-01,22-25,False,4,728.3,271
2015-10-01,22-25,False,5,1225.5,442
2015-10-01,22-25,True,1,145.4,60
2015-10-01,22-25,True,2,678.5,235
2015-10-01,22-25,True,3,877.2,317
2015-10-01,22-25,True,4,903.7,333
2015-10-01,22-25,True,5,1216.3,420
2015-10-01,26-30,False,1,3370.0,1254
2015-10-01,26-30,False,2,2803.2,1054
2015-10-01,26-30,False,3,1343.0,521
2015-10-01,26-30,False,4,1137.0,433
2015-10-01,26-30,False,5,1423.3,560
2015-10-01,26-30,True,1,307.2,117
2015-10-01,26-30,True,2,898.0,347
2015-10-01,26-30,True,3,1710.7,660
2015-10-01,26-30,True,4,1747.9,675
2015-10-01,26-30,True,5,1840.7,724
2015-10-01,31-40,False,1,6132.3,2411
2015-10-01,31-40,False,2,4566.4,1878
2015-10-01,31-40,False,3,2489.5,1023
2015-10-01,31-40,False,4,2411.4,1009
2015-10-01,31-40,False,5,2852.4,1193
2015-10-01,31-40,True,1,567.2,224
2015-10-01,31-40,True,2,1585.4,655
2015-10-01,31-40,True,3,3637.6,1556
2015-10-01,31-40,True,4,3931.3,1634
2015-10-01,31-40,True,5,3752.6,1434
2015-10-01,41+,False,1,14060.7,5827
2015-10-01,41+,False,2,11446.9,4833
2015-10-01,41+,False,3,7072.5,3135
2015-10-01,41+,False,4,7340.6,3135
2015-10-01,41+,False,5,9023.1,3900
2015-10-01,41+,True,1,1264.8,517
2015-10-01,41+,True,2,3472.0,1477
2015-10-01,41+,True,3,8379.1,3645
2015-10-01,41+,True,4,9866.2,4124
2015-10-01,41+,True,5,7350.1,3021
2015-11-01,16-21,False,1,3187.8,1244
2015-11-01,16-21,False,2,3365.6,1306
2015-11-01,16-21,False,3,1106.8,419
2015-11-01,16-21,False,4,528.8,199
2015-11-01,16-21,False,5,1065.2,419
2015-11-01,16-21,True,1,12.8,5
2015-11-01,16-21,True,2,45.2,17
2015-11-01,16-21,True,3,19.7,8
2015-11-01,16-21,True,4,33.5,13
2015-11-01,16-21,True,5,53.6,20
2015-11-01,22-25,False,1,2871.0,1056
2015-11-01,22-25,False,2,2800.1,991
2015-11-01,22-25,False,3,1091.5,404
2015-11-01,22-25,False,4,748.1,273
2015-11-01,22-25,False,5,1298.8,447
2015-11-01,22-25,True,1,186.5,76
2015-11-01,22-25,True,2,648.9,227
2015-11-01,22-25,True,3,893.5,321
2015-11-01,22-25,True,4,803.6,290
2015-11-01,22-25,True,5,1197.2,404
2015-11-01,26-30,False,1,3362.2,1260
2015-11-01,26-30,False,2,2762.7,1029
2015-11-01,26-30,False,3,1305.2,489
2015-11-01,26-30,False,4,1175.8,432
2015-11-01,26-30,False,5,1421.5,533
2015-11-01,26-30,True,1,347.7,135
2015-11-01,26-30,True,2,867.3,330
2015-11-01,26-30,True,3,1685.0,653
2015-11-01,26-30,True,4,1705.0,668
2015-11-01,26-30,True,5,1818.7,714
2015-11-01,31-40,False,1,6016.5,2395
2015-11-01,31-40,False,2,4627.9,1869
2015-11-01,31-40,False,3,2510.7,1056
2015-11-01,31-40,False,4,2413.7,1026
2015-11-01,31-40,False,5,2949.0,1214
2015-11-01,31-40,True,1,508.4,219
2015-11-01,31-40,True,2,1591.5,651
2015-11-01,31-40,True,3,3661.0,1543
2015-11-01,31-40,True,4,3942.5,1637
2015-11-01,31-40,True,5,3707.6,1436
2015-11-01,41+,False,1,13919.8,5745
2015-11-01,41+,False,2,11393.4,4807
2015-11-01,41+,False,3,6982.8,3095
2015-11-01,41+,False,4,7271.2,3120
2015-11-01,41+,False,5,9177.9,3921
2015-11-01,41+,True,1,1254.7,523
2015-11-01,41+,True,2,3507.2,1487
2015-11-01,41+,True,3,8587.7,3720
2015-11-01,41+,True,4,9925.2,4135
2015-11-01,41+,True,5,7408.6,3081
2015-12-01,16-21,False,1,3302.4,1244
2015-12-01,16-21,False,2,3562.8,1349
2015-12-01,16-21,False,3,1069.3,409
2015-12-01,16-21,False,4,546.1,204
2015-12-01,16-21,False,5,1041.5,407
2015-12-01,16-21,True,1,13.0,7
2015-12-01,16-21,True,2,29.0,10
2015-12-01,16-21,True,3,16.1,6
2015-12-01,16-21,True,4,38.2,13
2015-12-01,16-21,True,5,43.8,16
2015-12-01,22-25,False,1,2750.4,990
2015-12-01,22-25,False,2,2799.5,1001
2015-12-01,22-25,False,3,1052.6,383
2015-12-01,22-25,False,4,718.3,264
2015-12-01,22-25,False,5,1368.6,470
2015-12-01,22-25,True,1,191.1,74
2015-12-01,22-25,True,2,675.4,223
2015-12-01,22-25,True,3,858.6,310
2015-12-01,22-25,True,4,908.4,317
2015-12-01,22-25,True,5,1130.6,386
2015-12-01,26-30,False,1,3275.5,1173
2015-12-01,26-30,False,2,2749.8,998
2015-12-01,26-30,False,3,1262.2,465
2015-12-01,26-30,False,4,1210.0,435
2015-12-01,26-30,False,5,1481.3,549
2015-12-01,26-30,True,1,306.7,123
2015-12-01,26-30,True,2,935.2,335
2015-12-01,26-30,True,3,1679.5,641
2015-12-01,26-30,True,4,1757.3,656
2015-12-01,26-30,True,5,1846.0,702
2015-12-01,31-40,False,1,5940.1,2320
2015-12-01,31-40,False,2,4542.5,1813
2015-12-01,31-40,False,3,2560.2,1065
2015-12-01,31-40,False,4,2501.3,1037
2015-12-01,31-40,False,5,3045.6,1236
2015-12-01,31-40,True,1,565.9,227
2015-12-01,31-40,True,2,1716.8,672
2015-12-01,31-40,True,3,3638.0,1496
2015-12-01,31-40,True,4,3842.5,1591
2015-12-01,31-40,True,5,3575.6,1401
2015-12-01,41+,False,1,13841.0,5717
2015-12-01,41+,False,2,11089.0,4692
2015-12-01,41+,False,3,6810.1,3005
2015-12-01,41+,False,4,7352.3,3154
2015-12-01,41+,False,5,9169.5,3924
2015-12-01,41+,True,1,1273.3,534
2015-12-01,41+,True,2,3735.0,1543
2015-12-01,41+,True,3,8666.6,3739
2015-12-01,41+,True,4,9824.8,4112
2015-12-01,41+,True,5,7393.8,3060
2016-01-01,16-21,False,1,3140.1,1217
2016-01-01,16-21,False,2,3326.5,1299
2016-01-01,16-21,False,3,1025.3,383
2016-01-01,16-21,False,4,644.7,232
2016-01-01,16-21,False,5,1029.6,402
2016-01-01,16-21,True,1,10.9,4
2016-01-01,16-21,True,2,42.4,15
2016-01-01,16-21,True,3,26.1,7
2016-01-01,16-21,True,4,14.4,6
2016-01-01,16-21,True,5,44.7,17
2016-01-01,22-25,False,1,2832.1,1032
2016-01-01,22-25,False,2,2669.7,993
2016-01-01,22-25,False,3,966.5,366
2016-01-01,22-25,False,4,761.9,282
2016-01-01,22-25,False,5,1446.2,506
2016-01-01,22-25,True,1,180.4,71
2016-01-01,22-25,True,2,589.5,205
2016-01-01,22-25,True,3,837.4,298
2016-01-01,22-25,True,4,863.7,303
2016-01-01,22-25,True,5,1182.3,404
2016-01-01,26-30,False,1,3227.2,1161
2016-01-01,26-30,False,2,2741.6,1005
2016-01-01,26-30,False,3,1156.4,438
2016-01-01,26-30,False,4,1218.5,439
2016-01-01,26-30,False,5,1620.2,598
2016-01-01,26-30,True,1,297.2,118
2016-01-01,26-30,True,2,950.3,350
2016-01-01,26-30,True,3,1756.1,668
2016-01-01,26-30,True,4,1751.8,658
2016-01-01,26-30,True,5,1895.8,715
2016-01-01,31-40,False,1,5957.6,2318
2016-01-01,31-40,False,2,4716.8,1880
2016-01-01,31-40,False,3,2393.3,1015
2016-01-01,31-40,False,4,2528.1,1053
2016-01-01,31-40,False,5,3066.6,1250
2016-01-01,31-40,True,1,481.6,188
2016-01-01,31-40,True,2,1603.4,641
2016-01-01,31-40,True,3,3535.1,1472
2016-01-01,31-40,True,4,3924.7,1661
2016-01-01,31-40,True,5,3645.8,1432
2016-01-01,41+,False,1,13821.0,5748
2016-01-01,41+,False,2,11314.4,4807
2016-01-01,41+,False,3,6949.3,3078
2016-01-01,41+,False,4,7549.9,3220
2016-01-01,41+,False,5,8891.6,3832
2016-01-01,41+,True,1,1245.2,520
2016-01-01,41+,True,2,3502.0,1460
2016-01-01,41+,True,3,8576.3,3692
2016-01-01,41+,True,4,9836.8,4120
2016-01-01,41+,True,5,7248.4,3009
2016-02-01,16-21,False,1,3194.3,1170
2016-02-01,16-21,False,2,3556.0,1303
2016-02-01,16-21,False,3,1011.4,371
2016-02-01,16-21,False,4,613.7,213
2016-02-01,16-21,False,5,1022.6,382
2016-02-01,16-21,True,1,18.8,8
2016-02-01,16-21,True,2,47.0,15
2016-02-01,16-21,True,3,24.3,7
2016-02-01,16-21,True,4,24.0,9
2016-02-01,16-21,True,5,36.0,14
2016-02-01,22-25,False,1,2823.8,1016
2016-02-01,22-25,False,2,2752.3,1007
2016-02-01,22-25,False,3,1009.4,361
2016-02-01,22-25,False,4,802.3,289
2016-02-01,22-25,False,5,1317.6,458
2016-02-01,22-25,True,1,208.4,73
2016-02-01,22-25,True,2,583.4,214
2016-02-01,22-25,True,3,827.8,299
2016-02-01,22-25,True,4,858.0,297
2016-02-01,22-25,True,5,1137.3,393
2016-02-01,26-30,False,1,3343.5,1190
2016-02-01,26-30,False,2,2691.3,985
2016-02-01,26-30,False,3,1265.5,486
2016-02-01,26-30,False,4,1244.2,447
2016-02-01,26-30,False,5,1468.3,536
2016-02-01,26-30,True,1,261.6,101
2016-02-01,26-30,True,2,1022.2,369
2016-02-01,26-30,True,3,1696.6,672
2016-02-01,26-30,True,4,1830.1,694
2016-02-01,26-30,True,5,1949.8,734
2016-02-01,31-40,False,1,5856.3,2265
2016-02-01,31-40,False,2,4728.0,1882
2016-02-01,31-40,False,3,2602.7,1079
2016-02-01,31-40,False,4,2574.1,1036
2016-02-01,31-40,False,5,2983.1,1227
2016-02-01,31-40,True,1,434.4,171
2016-02-01,31-40,True,2,1589.1,647
2016-02-01,31-40,True,3,3643.3,1514
2016-02-01,31-40,True,4,4082.3,1669
2016-02-01,31-40,True,5,3705.5,1456
2016-02-01,41+,False,1,13422.6,5541
2016-02-01,41+,False,2,11726.8,4929
2016-02-01,41+,False,3,6777.7,2994
2016-02-01,41+,False,4,7545.3,3207
2016-02-01,41+,False,5,8918.8,3786
2016-02-01,41+,True,1,1309.8,545
2016-02-01,41+,True,2,3601.8,1513
2016-02-01,41+,True,3,8514.7,3610
2016-02-01,41+,True,4,9863.7,4145
2016-02-01,41+,True,5,7539.1,3083
2016-03-01,16-21,False,1,3351.4,1226
2016-03-01,16-21,False,2,3471.0,1266
2016-03-01,16-21,False,3,962.7,350
2016-03-01,16-21,False,4,560.5,203
2016-03-01,16-21,False,5,1138.9,404
2016-03-01,16-21,True,1,15.4,6
2016-03-01,16-21,True,2,26.2,12
2016-03-01,16-21,True,3,33.8,8
2016-03-01,16-21,True,4,38.2,12
2016-03-01,16-21,True,5,24.4,10
2016-03-01,22-25,False,1,2819.7,998
2016-03-01,22-25,False,2,2867.2,986
2016-03-01,22-25,False,3,1056.1,383
2016-03-01,22-25,False,4,818.5,289
2016-03-01,22-25,False,5,1264.7,435
2016-03-01,22-25,True,1,225.3,79
2016-03-01,22-25,True,2,608.0,215
2016-03-01,22-25,True,3,832.3,287
2016-03-01,22-25,True,4,854.3,289
2016-03-01,22-25,True,5,1139.5,377
2016-03-01,26-30,False,1,3237.7,1125
2016-03-01,26-30,False,2,2645.6,944
2016-03-01,26-30,False,3,1275.3,480
2016-03-01,26-30,False,4,1197.4,436
2016-03-01,26-30,False,5,1465.6,527
2016-03-01,26-30,True,1,256.7,98
2016-03-01,26-30,True,2,1009.6,373
2016-03-01,26-30,True,3,1757.6,664
2016-03-01,26-30,True,4,1848.3,665
2016-03-01,26-30,True,5,2032.3,722
2016-03-01,31-40,False,1,6023.4,2286
2016-03-01,31-40,False,2,4532.7,1811
2016-03-01,31-40,False,3,2523.5,1024
2016-03-01,31-40,False,4,2469.4,985
2016-03-01,31-40,False,5,3098.2,1239
2016-03-01,31-40,True,1,475.9,177
2016-03-01,31-40,True,2,1532.7,618
2016-03-01,31-40,True,3,3748.3,1522
2016-03-01,31-40,True,4,4205.9,1679
2016-03-01,31-40,True,5,3708.8,1409
2016-03-01,41+,False,1,13890.6,5609
2016-03-01,41+,False,2,11813.5,4842
2016-03-01,41+,False,3,7030.1,3056
2016-03-01,41+,False,4,7522.5,3172
2016-03-01,41+,False,5,8866.6,3697
2016-03-01,41+,True,1,1283.0,526
2016-03-01,41+,True,2,3566.0,1482
2016-03-01,41+,True,3,8400.5,3536
2016-03-01,41+,True,4,9885.7,4028
2016-03-01,41+,True,5,7326.6,2922
2016-04-01,16-21,False,1,3398.9,1292
2016-04-01,16-21,False,2,3534.1,1315
2016-04-01,16-21,False,3,1037.3,368
2016-04-01,16-21,False,4,567.8,210
2016-04-01,16-21,False,5,1054.2,389
2016-04-01,16-21,True,1,13.0,5
2016-04-01,16-21,True,2,21.4,10
2016-04-01,16-21,True,3,35.0,11
2016-04-01,16-21,True,4,30.8,11
2016-04-01,16-21,True,5,26.4,9
2016-04-01,22-25,False,1,2926.4,1056
2016-04-01,22-25,False,2,2825.3,1000
2016-04-01,22-25,False,3,1056.6,388
2016-04-01,22-25,False,4,846.9,304
2016-04-01,22-25,False,5,1242.5,445
2016-04-01,22-25,True,1,200.9,73
2016-04-01,22-25,True,2,524.3,201
2016-04-01,22-25,True,3,763.2,274
2016-04-01,22-25,True,4,790.3,293
2016-04-01,22-25,True,5,1113.1,396
2016-04-01,26-30,False,1,3251.3,1181
2016-04-01,26-30,False,2,2796.9,1011
2016-04-01,26-30,False,3,1285.4,482
2016-04-01,26-30,False,4,1171.9,438
2016-04-01,26-30,False,5,1494.7,558
2016-04-01,26-30,True,1,267.0,94
2016-04-01,26-30,True,2,1019.6,387
2016-04-01,26-30,True,3,1775.8,693
2016-04-01,26-30,True,4,1907.1,715
2016-04-01,26-30,True,5,1998.9,750
2016-04-01,31-40,False,1,5924.4,2283
2016-04-01,31-40,False,2,4614.7,1864
2016-04-01,31-40,False,3,2476.2,1003
2016-04-01,31-40,False,4,2458.8,996
2016-04-01,31-40,False,5,3045.8,1230
2016-04-01,31-40,True,1,473.3,183
2016-04-01,31-40,True,2,1507.8,654
2016-04-01,31-40,True,3,3680.6,1521
2016-04-01,31-40,True,4,4301.8,1723
2016-04-01,31-40,True,5,3632.5,1392
2016-04-01,41+,False,1,14274.4,5826
2016-04-01,41+,False,2,11785.9,4943
2016-04-01,41+,False,3,7069.4,3115
2016-04-01,41+,False,4,7436.7,3132
2016-04-01,41+,False,5,8957.2,3781
2016-04-01,41+,True,1,1268.2,517
2016-04-01,41+,True,2,3614.2,1522
2016-04-01,41+,True,3,8296.1,3545
2016-04-01,41+,True,4,9891.5,4079
2016-04-01,41+,True,5,7388.2,2962
2016-05-01,16-21,False,1,3462.0,1353
2016-05-01,16-21,False,2,3674.5,1334
2016-05-01,16-21,False,3,972.9,352
2016-05-01,16-21,False,4,481.9,178
2016-05-01,16-21,False,5,1022.1,368
2016-05-01,16-21,True,1,27.8,9
2016-05-01,16-21,True,2,44.0,17
2016-05-01,16-21,True,3,27.2,11
2016-05-01,16-21,True,4,38.2,13
2016-05-01,16-21,True,5,31.3,10
2016-05-01,22-25,False,1,2909.1,1051
2016-05-01,22-25,False,2,2984.3,1055
2016-05-01,22-25,False,3,1193.7,421
2016-05-01,22-25,False,4,771.9,271
2016-05-01,22-25,False,5,1197.5,425
2016-05-01,22-25,True,1,190.7,67
2016-05-01,22-25,True,2,615.2,228
2016-05-01,22-25,True,3,848.6,309
2016-05-01,22-25,True,4,722.9,263
2016-05-01,22-25,True,5,1134.1,424
2016-05-01,26-30,False,1,3447.1,1224
2016-05-01,26-30,False,2,2831.2,1012
2016-05-01,26-30,False,3,1249.6,466
2016-05-01,26-30,False,4,1091.5,405
2016-05-01,26-30,False,5,1465.8,563
2016-05-01,26-30,True,1,298.2,106
2016-05-01,26-30,True,2,1042.5,393
2016-05-01,26-30,True,3,1783.2,694
2016-05-01,26-30,True,4,1908.6,691
2016-05-01,26-30,True,5,2003.5,750
2016-05-01,31-40,False,1,6083.4,2355
2016-05-01,31-40,False,2,4570.3,1811
2016-05-01,31-40,False,3,2578.4,1058
2016-05-01,31-40,False,4,2420.6,993
2016-05-01,31-40,False,5,3047.4,1241
2016-05-01,31-40,True,1,491.9,206
2016-05-01,31-40,True,2,1506.3,650
2016-05-01,31-40,True,3,3761.4,1562
2016-05-01,31-40,True,4,4140.9,1687
2016-05-01,31-40,True,5,3779.6,1463
2016-05-01,41+,False,1,14200.6,5885
2016-05-01,41+,False,2,11889.5,4986
2016-05-01,41+,False,3,7037.6,3126
2016-05-01,41+,False,4,7306.0,3153
2016-05-01,41+,False,5,9022.4,3811
2016-05-01,41+,True,1,1338.3,557
2016-05-01,41+,True,2,3627.1,1534
2016-05-01,41+,True,3,8234.7,3539
2016-05-01,41+,True,4,9732.3,4068
2016-05-01,41+,True,5,7353.9,2976
2016-06-01,16-21,False,1,3645.4,1511
2016-06-01,16-21,False,2,4019.3,1542
2016-06-01,16-21,False,3,1062.7,402
2016-06-01,16-21,False,4,578.6,205
2016-06-01,16-21,False,5,1215.3,443
2016-06-01,16-21,True,1,23.8,9
2016-06-01,16-21,True,2,62.9,17
2016-06-01,16-21,True,3,10.7,7
2016-06-01,16-21,True,4,61.0,17
2016-06-01,16-21,True,5,48.5,15
2016-06-01,22-25,False,1,3009.2,1080
2016-06-01,22-25,False,2,2837.7,988
2016-06-01,22-25,False,3,1153.2,397
2016-06-01,22-25,False,4,770.9,269
2016-06-01,22-25,False,5,1217.6,425
2016-06-01,22-25,True,1,206.6,72
2016-06-01,22-25,True,2,601.5,215
2016-06-01,22-25,True,3,837.3,315
2016-06-01,22-25,True,4,683.4,245
2016-06-01,22-25,True,5,1148.6,417
2016-06-01,26-30,False,1,3550.3,1251
2016-06-01,26-30,False,2,2704.9,963
2016-06-01,26-30,False,3,1174.0,451
2016-06-01,26-30,False,4,1096.0,408
2016-06-01,26-30,False,5,1548.1,576
2016-06-01,26-30,True,1,310.3,114
2016-06-01,26-30,True,2,1044.8,387
2016-06-01,26-30,True,3,1867.1,713
2016-06-01,26-30,True,4,1870.6,687
2016-06-01,26-30,True,5,2057.3,741
2016-06-01,31-40,False,1,6092.0,2381
2016-06-01,31-40,False,2,4507.4,1785
2016-06-01,31-40,False,3,2495.1,1025
2016-06-01,31-40,False,4,2355.7,969
2016-06-01,31-40,False,5,3054.6,1220
2016-06-01,31-40,True,1,589.5,238
2016-06-01,31-40,True,2,1624.9,678
2016-06-01,31-40,True,3,3692.8,1520
2016-06-01,31-40,True,4,4217.7,1684
2016-06-01,31-40,True,5,3740.2,1450
2016-06-01,41+,False,1,14289.6,5900
2016-06-01,41+,False,2,11725.8,4886
2016-06-01,41+,False,3,6703.5,3001
2016-06-01,41+,False,4,7366.7,3167
2016-06-01,41+,False,5,8954.3,3808
2016-06-01,41+,True,1,1372.0,582
2016-06-01,41+,True,2,3569.3,1500
2016-06-01,41+,True,3,7893.6,3359
2016-06-01,41+,True,4,10031.0,4137
2016-06-01,41+,True,5,7296.9,2929
2016-07-01,16-21,False,1,3756.9,1572
2016-07-01,16-21,False,2,4172.6,1613
2016-07-01,16-21,False,3,1097.3,419
2016-07-01,16-21,False,4,529.8,201
2016-07-01,16-21,False,5,1411.6,514
2016-07-01,16-21,True,1,23.5,16
2016-07-01,16-21,True,2,65.0,19
2016-07-01,16-21,True,3,21.9,9
2016-07-01,16-21,True,4,54.3,17
2016-07-01,16-21,True,5,81.3,23
2016-07-01,22-25,False,1,3089.9,1131
2016-07-01,22-25,False,2,2698.7,945
2016-07-01,22-25,False,3,1096.9,373
2016-07-01,22-25,False,4,743.5,271
2016-07-01,22-25,False,5,1202.9,436
2016-07-01,22-25,True,1,289.6,98
2016-07-01,22-25,True,2,652.7,231
2016-07-01,22-25,True,3,724.9,283
2016-07-01,22-25,True,4,713.8,254
2016-07-01,22-25,True,5,1201.4,439
2016-07-01,26-30,False,1,3661.1,1310
2016-07-01,26-30,False,2,2704.0,981
2016-07-01,26-30,False,3,1233.5,454
2016-07-01,26-30,False,4,1098.0,389
2016-07-01,26-30,False,5,1476.1,565
2016-07-01,26-30,True,1,332.6,118
2016-07-01,26-30,True,2,1046.6,397
2016-07-01,26-30,True,3,1878.5,724
2016-07-01,26-30,True,4,1894.4,702
2016-07-01,26-30,True,5,2086.1,763
2016-07-01,31-40,False,1,6169.6,2424
2016-07-01,31-40,False,2,4589.6,1843
2016-07-01,31-40,False,3,2539.4,1023
2016-07-01,31-40,False,4,2373.3,970
2016-07-01,31-40,False,5,3092.8,1232
2016-07-01,31-40,True,1,557.9,230
2016-07-01,31-40,True,2,1696.1,687
2016-07-01,31-40,True,3,3668.3,1538
2016-07-01,31-40,True,4,4006.1,1606
2016-07-01,31-40,True,5,3594.3,1400
2016-07-01,41+,False,1,14189.6,5956
2016-07-01,41+,False,2,11710.9,4944
2016-07-01,41+,False,3,6589.5,2920
2016-07-01,41+,False,4,7262.4,3104
2016-07-01,41+,False,5,8975.7,3799
2016-07-01,41+,True,1,1383.2,591
2016-07-01,41+,True,2,3649.1,1532
2016-07-01,41+,True,3,7888.2,3387
2016-07-01,41+,True,4,10093.2,4195
2016-07-01,41+,True,5,7368.5,2964
2016-08-01,16-21,False,1,3479.9,1479
2016-08-01,16-21,False,2,4177.8,1606
2016-08-01,16-21,False,3,1090.5,409
2016-08-01,16-21,False,4,454.6,185
2016-08-01,16-21,False,5,1171.3,455
2016-08-01,16-21,True,1,38.8,17
2016-08-01,16-21,True,2,46.3,15
2016-08-01,16-21,True,3,29.0,13
2016-08-01,16-21,True,4,53.6,18
2016-08-01,16-21,True,5,58.3,19
2016-08-01,22-25,False,1,3149.3,1191
2016-08-01,22-25,False,2,2697.6,983
2016-08-01,22-25,False,3,1055.8,376
2016-08-01,22-25,False,4,790.4,288
2016-08-01,22-25,False,5,1213.6,445
2016-08-01,22-25,True,1,251.8,92
2016-08-01,22-25,True,2,695.4,236
2016-08-01,22-25,True,3,829.6,321
2016-08-01,22-25,True,4,728.0,263
2016-08-01,22-25,True,5,1131.7,402
2016-08-01,26-30,False,1,3596.7,1342
2016-08-01,26-30,False,2,2739.3,1031
2016-08-01,26-30,False,3,1163.2,445
2016-08-01,26-30,False,4,1161.6,423
2016-08-01,26-30,False,5,1560.0,594
2016-08-01,26-30,True,1,301.1,111
2016-08-01,26-30,True,2,1022.1,394
2016-08-01,26-30,True,3,1900.6,740
2016-08-01,26-30,True,4,1741.1,652
2016-08-01,26-30,True,5,2003.7,753
2016-08-01,31-40,False,1,6313.8,2500
2016-08-01,31-40,False,2,4614.4,1875
2016-08-01,31-40,False,3,2529.4,1059
2016-08-01,31-40,False,4,2528.1,1058
2016-08-01,31-40,False,5,2953.2,1212
2016-08-01,31-40,True,1,572.8,234
2016-08-01,31-40,True,2,1706.5,691
2016-08-01,31-40,True,3,3665.1,1572
2016-08-01,31-40,True,4,3959.3,1601
2016-08-01,31-40,True,5,3684.4,1451
2016-08-01,41+,False,1,14221.5,6004
2016-08-01,41+,False,2,11499.3,4929
2016-08-01,41+,False,3,6772.1,3009
2016-08-01,41+,False,4,7175.1,3142
2016-08-01,41+,False,5,8888.1,3829
2016-08-01,41+,True,1,1371.7,600
2016-08-01,41+,True,2,3634.5,1521
2016-08-01,41+,True,3,7922.4,3429
2016-08-01,41+,True,4,10005.7,4176
2016-08-01,41+,True,5,7453.8,3031
2016-09-01,16-21,False,1,3121.6,1295
2016-09-01,16-21,False,2,3476.9,1365
2016-09-01,16-21,False,3,989.3,389
2016-09-01,16-21,False,4,456.6,190
2016-09-01,16-21,False,5,1109.4,435
2016-09-01,16-21,True,1,11.2,5
2016-09-01,16-21,True,2,12.9,5
2016-09-01,16-21,True,3,37.5,13
2016-09-01,16-21,True,4,53.6,20
2016-09-01,16-21,True,5,72.0,28
2016-09-01,22-25,False,1,3051.7,1157
2016-09-01,22-25,False,2,2708.9,970
2016-09-01,22-25,False,3,1136.8,401
2016-09-01,22-25,False,4,780.2,290
2016-09-01,22-25,False,5,1163.4,438
2016-09-01,22-25,True,1,258.8,94
2016-09-01,22-25,True,2,713.5,236
2016-09-01,22-25,True,3,888.4,331
2016-09-01,22-25,True,4,802.8,304
2016-09-01,22-25,True,5,1095.2,396
2016-09-01,26-30,False,1,3537.6,1307
2016-09-01,26-30,False,2,2848.9,1055
2016-09-01,26-30,False,3,1234.0,481
2016-09-01,26-30,False,4,1208.5,435
2016-09-01,26-30,False,5,1536.3,588
2016-09-01,26-30,True,1,307.3,124
2016-09-01,26-30,True,2,1033.0,394
2016-09-01,26-30,True,3,1817.6,708
2016-09-01,26-30,True,4,1841.5,688
2016-09-01,26-30,True,5,1979.1,742
2016-09-01,31-40,False,1,6333.0,2540
2016-09-01,31-40,False,2,4643.5,1913
2016-09-01,31-40,False,3,2464.6,1053
2016-09-01,31-40,False,4,2640.3,1097
2016-09-01,31-40,False,5,2982.2,1229
2016-09-01,31-40,True,1,558.5,220
2016-09-01,31-40,True,2,1817.6,735
2016-09-01,31-40,True,3,3704.8,1623
2016-09-01,31-40,True,4,4181.3,1721
2016-09-01,31-40,True,5,3553.6,1441
2016-09-01,41+,False,1,13874.3,5909
2016-09-01,41+,False,2,11837.2,4976
2016-09-01,41+,False,3,6850.5,3053
2016-09-01,41+,False,4,7382.9,3196
2016-09-01,41+,False,5,8911.2,3842
2016-09-01,41+,True,1,1360.0,595
2016-09-01,41+,True,2,3722.9,1574
2016-09-01,41+,True,3,8405.4,3615
2016-09-01,41+,True,4,9943.3,4138
2016-09-01,41+,True,5,7525.6,3066
2016-10-01,16-21,False,1,3073.5,1260
2016-10-01,16-21,False,2,3492.0,1331
2016-10-01,16-21,False,3,1008.2,394
2016-10-01,16-21,False,4,522.7,208
2016-10-01,16-21,False,5,1119.4,421
2016-10-01,16-21,True,1,22.4,8
2016-10-01,16-21,True,2,36.0,14
2016-10-01,16-21,True,3,36.0,13
2016-10-01,16-21,True,4,32.4,12
2016-10-01,16-21,True,5,66.3,26
2016-10-01,22-25,False,1,2999.0,1158
2016-10-01,22-25,False,2,2699.6,974
2016-10-01,22-25,False,3,1160.9,410
2016-10-01,22-25,False,4,781.7,304
2016-10-01,22-25,False,5,1258.1,462
2016-10-01,22-25,True,1,225.2,82
2016-10-01,22-25,True,2,727.2,256
2016-10-01,22-25,True,3,861.9,312
2016-10-01,22-25,True,4,890.3,327
2016-10-01,22-25,True,5,1086.0,405
2016-10-01,26-30,False,1,3486.4,1309
2016-10-01,26-30,False,2,2875.7,1054
2016-10-01,26-30,False,3,1193.5,461
2016-10-01,26-30,False,4,1147.6,425
2016-10-01,26-30,False,5,1609.4,617
2016-10-01,26-30,True,1,293.9,122
2016-10-01,26-30,True,2,953.6,367
2016-10-01,26-30,True,3,1762.8,705
2016-10-01,26-30,True,4,1872.0,704
2016-10-01,26-30,True,5,1936.1,742
2016-10-01,31-40,False,1,6407.6,2503
2016-10-01,31-40,False,2,4737.8,1925
2016-10-01,31-40,False,3,2394.1,1023
2016-10-01,31-40,False,4,2545.0,1046
2016-10-01,31-40,False,5,3023.6,1239
2016-10-01,31-40,True,1,504.6,211
2016-10-01,31-40,True,2,1766.6,710
2016-10-01,31-40,True,3,3865.8,1638
2016-10-01,31-40,True,4,4149.2,1710
2016-10-01,31-40,True,5,3598.6,1422
2016-10-01,41+,False,1,14151.3,5917
2016-10-01,41+,False,2,11710.1,4912
2016-10-01,41+,False,3,6993.9,3078
2016-10-01,41+,False,4,7522.2,3249
2016-10-01,41+,False,5,8843.7,3844
2016-10-01,41+,True,1,1350.0,583
2016-10-01,41+,True,2,3535.6,1529
2016-10-01,41+,True,3,8459.8,3715
2016-10-01,41+,True,4,9980.5,4176
2016-10-01,41+,True,5,7565.5,3113
2016-11-01,16-21,False,1,3188.3,1268
2016-11-01,16-21,False,2,3526.9,1332
2016-11-01,16-21,False,3,1075.5,416
2016-11-01,16-21,False,4,530.5,196
2016-11-01,16-21,False,5,1076.0,402
2016-11-01,16-21,True,1,23.0,7
2016-11-01,16-21,True,2,26.5,11
2016-11-01,16-21,True,3,12.0,5
2016-11-01,16-21,True,4,40.9,13
2016-11-01,16-21,True,5,44.9,18
2016-11-01,22-25,False,1,2852.4,1089
2016-11-01,22-25,False,2,2785.8,993
2016-11-01,22-25,False,3,1131.5,405
2016-11-01,22-25,False,4,725.2,290
2016-11-01,22-25,False,5,1290.9,477
2016-11-01,22-25,True,1,226.3,80
2016-11-01,22-25,True,2,726.3,251
2016-11-01,22-25,True,3,906.6,337
2016-11-01,22-25,True,4,907.8,331
2016-11-01,22-25,True,5,1226.3,431
2016-11-01,26-30,False,1,3357.3,1254
2016-11-01,26-30,False,2,2967.9,1071
2016-11-01,26-30,False,3,1284.7,483
2016-11-01,26-30,False,4,1229.0,449
2016-11-01,26-30,False,5,1617.6,592
2016-11-01,26-30,True,1,354.0,134
2016-11-01,26-30,True,2,895.7,351
2016-11-01,26-30,True,3,1693.0,685
2016-11-01,26-30,True,4,1811.9,681
2016-11-01,26-30,True,5,1924.4,725
2016-11-01,31-40,False,1,6187.2,2417
2016-11-01,31-40,False,2,4787.1,1925
2016-11-01,31-40,False,3,2465.6,1069
2016-11-01,31-40,False,4,2585.6,1067
2016-11-01,31-40,False,5,2926.0,1189
2016-11-01,31-40,True,1,479.9,199
2016-11-01,31-40,True,2,1676.1,694
2016-11-01,31-40,True,3,3829.7,1609
2016-11-01,31-40,True,4,4332.3,1779
2016-11-01,31-40,True,5,3708.1,1475
2016-11-01,41+,False,1,13859.6,5766
2016-11-01,41+,False,2,11613.6,4844
2016-11-01,41+,False,3,6892.1,3023
2016-11-01,41+,False,4,7587.0,3259
2016-11-01,41+,False,5,9101.7,3890
2016-11-01,41+,True,1,1429.9,591
2016-11-01,41+,True,2,3600.1,1551
2016-11-01,41+,True,3,8376.5,3670
2016-11-01,41+,True,4,9899.4,4101
2016-11-01,41+,True,5,7588.6,3114
2016-12-01,16-21,False,1,3082.1,1191
2016-12-01,16-21,False,2,3622.7,1345
2016-12-01,16-21,False,3,1051.4,392
2016-12-01,16-21,False,4,568.0,215
2016-12-01,16-21,False,5,1017.0,375
2016-12-01,16-21,True,1,22.7,8
2016-12-01,16-21,True,2,36.0,17
2016-12-01,16-21,True,3,14.7,6
2016-12-01,16-21,True,4,24.9,9
2016-12-01,16-21,True,5,28.6,12
2016-12-01,22-25,False,1,2797.5,989
2016-12-01,22-25,False,2,2768.0,956
2016-12-01,22-25,False,3,1187.4,409
2016-12-01,22-25,False,4,693.5,267
2016-12-01,22-25,False,5,1531.4,519
2016-12-01,22-25,True,1,223.9,82
2016-12-01,22-25,True,2,708.3,233
2016-12-01,22-25,True,3,856.2,305
2016-12-01,22-25,True,4,841.6,301
2016-12-01,22-25,True,5,1199.3,415
2016-12-01,26-30,False,1,3430.6,1210
2016-12-01,26-30,False,2,2912.3,1020
2016-12-01,26-30,False,3,1412.5,496
2016-12-01,26-30,False,4,1227.6,432
2016-12-01,26-30,False,5,1585.3,558
2016-12-01,26-30,True,1,341.5,122
2016-12-01,26-30,True,2,963.1,364
2016-12-01,26-30,True,3,1624.1,653
2016-12-01,26-30,True,4,1846.4,672
2016-12-01,26-30,True,5,1992.5,737
2016-12-01,31-40,False,1,6013.5,2286
2016-12-01,31-40,False,2,4796.1,1901
2016-12-01,31-40,False,3,2503.9,1052
2016-12-01,31-40,False,4,2610.9,1047
2016-12-01,31-40,False,5,3040.1,1234
2016-12-01,31-40,True,1,511.3,209
2016-12-01,31-40,True,2,1728.0,711
2016-12-01,31-40,True,3,3748.4,1564
2016-12-01,31-40,True,4,4327.6,1760
2016-12-01,31-40,True,5,3597.1,1430
2016-12-01,41+,False,1,13491.6,5541
2016-12-01,41+,False,2,11537.1,4753
2016-12-01,41+,False,3,6681.4,2944
2016-12-01,41+,False,4,7677.8,3280
2016-12-01,41+,False,5,8954.0,3813
2016-12-01,41+,True,1,1331.6,533
2016-12-01,41+,True,2,3705.0,1563
2016-12-01,41+,True,3,8244.4,3583
2016-12-01,41+,True,4,10090.6,4127
2016-12-01,41+,True,5,7596.5,3066
2017-01-01,16-21,False,1,2993.9,1161
2017-01-01,16-21,False,2,3542.2,1323
2017-01-01,16-21,False,3,996.6,360
2017-01-01,16-21,False,4,524.6,202
2017-01-01,16-21,False,5,1071.9,397
2017-01-01,16-21,True,1,13.8,7
2017-01-01,16-21,True,2,56.1,20
2017-01-01,16-21,True,3,16.1,6
2017-01-01,16-21,True,4,37.4,15
2017-01-01,16-21,True,5,38.9,13
2017-01-01,22-25,False,1,2770.4,991
2017-01-01,22-25,False,2,2660.0,943
2017-01-01,22-25,False,3,1166.3,417
2017-01-01,22-25,False,4,799.7,291
2017-01-01,22-25,False,5,1351.6,474
2017-01-01,22-25,True,1,168.7,68
2017-01-01,22-25,True,2,555.7,210
2017-01-01,22-25,True,3,891.1,320
2017-01-01,22-25,True,4,817.1,291
2017-01-01,22-25,True,5,1240.6,423
2017-01-01,26-30,False,1,3378.9,1173
2017-01-01,26-30,False,2,2799.9,1003
2017-01-01,26-30,False,3,1339.6,491
2017-01-01,26-30,False,4,1195.1,419
2017-01-01,26-30,False,5,1573.8,573
2017-01-01,26-30,True,1,405.5,139
2017-01-01,26-30,True,2,1019.7,378
2017-01-01,26-30,True,3,1664.0,675
2017-01-01,26-30,True,4,1840.9,674
2017-01-01,26-30,True,5,2056.7,741
2017-01-01,31-40,False,1,5875.2,2295
2017-01-01,31-40,False,2,4601.9,1873
2017-01-01,31-40,False,3,2504.6,1061
2017-01-01,31-40,False,4,2523.8,1018
2017-01-01,31-40,False,5,2953.0,1216
2017-01-01,31-40,True,1,561.3,227
2017-01-01,31-40,True,2,1648.4,695
2017-01-01,31-40,True,3,3789.5,1572
2017-01-01,31-40,True,4,4350.9,1779
2017-01-01,31-40,True,5,3570.7,1457
2017-01-01,41+,False,1,13607.3,5589
2017-01-01,41+,False,2,11397.4,4786
2017-01-01,41+,False,3,6803.9,2988
2017-01-01,41+,False,4,7618.3,3249
2017-01-01,41+,False,5,8803.0,3738
2017-01-01,41+,True,1,1297.9,522
2017-01-01,41+,True,2,3711.2,1562
2017-01-01,41+,True,3,8366.9,3605
2017-01-01,41+,True,4,10020.2,4135
2017-01-01,41+,True,5,7534.9,3055
2017-02-01,16-21,False,1,3134.7,1182
2017-02-01,16-21,False,2,3533.5,1288
2017-02-01,16-21,False,3,1093.6,390
2017-02-01,16-21,False,4,582.1,222
2017-02-01,16-21,False,5,1035.7,399
2017-02-01,16-21,True,1,28.7,11
2017-02-01,16-21,True,2,47.3,18
2017-02-01,16-21,True,3,36.5,13
2017-02-01,16-21,True,4,40.3,15
2017-02-01,16-21,True,5,42.9,13
2017-02-01,22-25,False,1,2780.9,960
2017-02-01,22-25,False,2,2639.4,922
2017-02-01,22-25,False,3,1069.0,381
2017-02-01,22-25,False,4,740.3,274
2017-02-01,22-25,False,5,1328.4,463
2017-02-01,22-25,True,1,231.6,96
2017-02-01,22-25,True,2,633.6,230
2017-02-01,22-25,True,3,846.4,303
2017-02-01,22-25,True,4,787.4,280
2017-02-01,22-25,True,5,1197.1,416
2017-02-01,26-30,False,1,3394.5,1190
2017-02-01,26-30,False,2,2938.9,1061
2017-02-01,26-30,False,3,1380.8,502
2017-02-01,26-30,False,4,1222.8,432
2017-02-01,26-30,False,5,1581.2,574
2017-02-01,26-30,True,1,315.8,114
2017-02-01,26-30,True,2,1028.5,378
2017-02-01,26-30,True,3,1741.9,672
2017-02-01,26-30,True,4,1969.0,720
2017-02-01,26-30,True,5,2095.1,746
2017-02-01,31-40,False,1,5786.5,2259
2017-02-01,31-40,False,2,4643.5,1871
2017-02-01,31-40,False,3,2411.0,1006
2017-02-01,31-40,False,4,2627.8,1054
2017-02-01,31-40,False,5,2871.4,1169
2017-02-01,31-40,True,1,537.5,209
2017-02-01,31-40,True,2,1698.9,702
2017-02-01,31-40,True,3,3903.4,1629
2017-02-01,31-40,True,4,4352.3,1790
2017-02-01,31-40,True,5,3686.3,1462
2017-02-01,41+,False,1,13489.4,5547
2017-02-01,41+,False,2,11507.2,4818
2017-02-01,41+,False,3,6801.7,3002
2017-02-01,41+,False,4,7538.5,3246
2017-02-01,41+,False,5,8731.8,3697
2017-02-01,41+,True,1,1385.1,555
2017-02-01,41+,True,2,3812.2,1605
2017-02-01,41+,True,3,8624.8,3654
2017-02-01,41+,True,4,10199.8,4238
2017-02-01,41+,True,5,7487.2,3041
2017-03-01,16-21,False,1,3337.5,1222
2017-03-01,16-21,False,2,3739.2,1344
2017-03-01,16-21,False,3,961.0,347
2017-03-01,16-21,False,4,578.7,208
2017-03-01,16-21,False,5,1062.8,396
2017-03-01,16-21,True,1,33.4,13
2017-03-01,16-21,True,2,26.8,14
2017-03-01,16-21,True,3,36.1,12
2017-03-01,16-21,True,4,37.4,12
2017-03-01,16-21,True,5,27.4,10
2017-03-01,22-25,False,1,2916.1,981
2017-03-01,22-25,False,2,2575.8,909
2017-03-01,22-25,False,3,1131.3,402
2017-03-01,22-25,False,4,714.4,258
2017-03-01,22-25,False,5,1396.0,471
2017-03-01,22-25,True,1,209.2,85
2017-03-01,22-25,True,2,674.4,230
2017-03-01,22-25,True,3,858.3,306
2017-03-01,22-25,True,4,749.4,269
2017-03-01,22-25,True,5,1108.9,392
2017-03-01,26-30,False,1,3467.2,1189
2017-03-01,26-30,False,2,2876.8,1008
2017-03-01,26-30,False,3,1410.4,505
2017-03-01,26-30,False,4,1173.7,424
2017-03-01,26-30,False,5,1596.2,578
2017-03-01,26-30,True,1,338.8,114
2017-03-01,26-30,True,2,1015.9,354
2017-03-01,26-30,True,3,1739.9,671
2017-03-01,26-30,True,4,2002.9,717
2017-03-01,26-30,True,5,2117.6,757
2017-03-01,31-40,False,1,6009.4,2281
2017-03-01,31-40,False,2,4672.6,1829
2017-03-01,31-40,False,3,2392.9,947
2017-03-01,31-40,False,4,2717.5,1054
2017-03-01,31-40,False,5,2830.0,1136
2017-03-01,31-40,True,1,539.8,210
2017-03-01,31-40,True,2,1707.4,697
2017-03-01,31-40,True,3,4015.0,1612
2017-03-01,31-40,True,4,4179.2,1684
2017-03-01,31-40,True,5,3782.5,1449
2017-03-01,41+,False,1,13674.7,5550
2017-03-01,41+,False,2,11811.8,4877
2017-03-01,41+,False,3,6921.8,2987
2017-03-01,41+,False,4,7870.9,3325
2017-03-01,41+,False,5,8604.5,3610
2017-03-01,41+,True,1,1254.1,510
2017-03-01,41+,True,2,3654.1,1521
2017-03-01,41+,True,3,8456.8,3562
2017-03-01,41+,True,4,10027.9,4138
2017-03-01,41+,True,5,7591.6,3049
2017-04-01,16-21,False,1,3338.0,1215
2017-04-01,16-21,False,2,3574.0,1312
2017-04-01,16-21,False,3,1038.7,364
2017-04-01,16-21,False,4,564.4,203
2017-04-01,16-21,False,5,1170.3,428
2017-04-01,16-21,True,1,20.9,10
2017-04-01,16-21,True,2,44.7,16
2017-04-01,16-21,True,3,31.4,10
2017-04-01,16-21,True,4,25.7,9
2017-04-01,16-21,True,5,20.8,6
2017-04-01,22-25,False,1,2918.3,1024
2017-04-01,22-25,False,2,2755.0,979
2017-04-01,22-25,False,3,1064.7,385
2017-04-01,22-25,False,4,759.7,278
2017-04-01,22-25,False,5,1408.5,478
2017-04-01,22-25,True,1,217.8,86
2017-04-01,22-25,True,2,627.4,214
2017-04-01,22-25,True,3,837.6,314
2017-04-01,22-25,True,4,775.6,280
2017-04-01,22-25,True,5,1065.7,379
2017-04-01,26-30,False,1,3521.9,1235
2017-04-01,26-30,False,2,2725.5,995
2017-04-01,26-30,False,3,1387.2,507
2017-04-01,26-30,False,4,1200.7,428
2017-04-01,26-30,False,5,1568.6,568
2017-04-01,26-30,True,1,324.8,110
2017-04-01,26-30,True,2,989.3,350
2017-04-01,26-30,True,3,1790.0,684
2017-04-01,26-30,True,4,1917.2,695
2017-04-01,26-30,True,5,2172.4,772
2017-04-01,31-40,False,1,6069.1,2343
2017-04-01,31-40,False,2,4797.0,1904
2017-04-01,31-40,False,3,2542.2,1008
2017-04-01,31-40,False,4,2714.2,1073
2017-04-01,31-40,False,5,2928.1,1184
2017-04-01,31-40,True,1,569.3,234
2017-04-01,31-40,True,2,1688.7,703
2017-04-01,31-40,True,3,3802.0,1577
2017-04-01,31-40,True,4,4310.4,1745
2017-04-01,31-40,True,5,3770.4,1441
2017-04-01,41+,False,1,13819.9,5632
2017-04-01,41+,False,2,11875.0,4893
2017-04-01,41+,False,3,7137.0,3086
2017-04-01,41+,False,4,7620.7,3223
2017-04-01,41+,False,5,8718.3,3669
2017-04-01,41+,True,1,1300.6,548
2017-04-01,41+,True,2,3593.6,1531
2017-04-01,41+,True,3,8412.5,3568
2017-04-01,41+,True,4,10095.6,4181
2017-04-01,41+,True,5,7641.0,3082
2017-05-01,16-21,False,1,3438.0,1252
2017-05-01,16-21,False,2,3664.5,1323
2017-05-01,16-21,False,3,945.3,344
2017-05-01,16-21,False,4,571.7,198
2017-05-01,16-21,False,5,1127.2,414
2017-05-01,16-21,True,1,20.3,8
2017-05-01,16-21,True,2,21.3,8
2017-05-01,16-21,True,3,42.3,14
2017-05-01,16-21,True,4,16.1,8
2017-05-01,16-21,True,5,35.8,11
2017-05-01,22-25,False,1,2975.1,1030
2017-05-01,22-25,False,2,2741.9,931
2017-05-01,22-25,False,3,1056.9,356
2017-05-01,22-25,False,4,700.5,235
2017-05-01,22-25,False,5,1390.4,466
2017-05-01,22-25,True,1,251.9,91
2017-05-01,22-25,True,2,584.4,204
2017-05-01,22-25,True,3,895.6,326
2017-05-01,22-25,True,4,779.4,270
2017-05-01,22-25,True,5,1023.0,363
2017-05-01,26-30,False,1,3509.6,1227
2017-05-01,26-30,False,2,2661.5,938
2017-05-01,26-30,False,3,1341.8,466
2017-05-01,26-30,False,4,1230.9,435
2017-05-01,26-30,False,5,1492.2,547
2017-05-01,26-30,True,1,317.2,106
2017-05-01,26-30,True,2,1029.4,361
2017-05-01,26-30,True,3,1920.6,693
2017-05-01,26-30,True,4,2020.4,708
2017-05-01,26-30,True,5,2025.1,705
2017-05-01,31-40,False,1,6287.1,2384
2017-05-01,31-40,False,2,4775.2,1856
2017-05-01,31-40,False,3,2511.3,1011
2017-05-01,31-40,False,4,2610.4,1024
2017-05-01,31-40,False,5,2876.9,1155
2017-05-01,31-40,True,1,578.0,233
2017-05-01,31-40,True,2,1790.5,704
2017-05-01,31-40,True,3,3803.1,1550
2017-05-01,31-40,True,4,4321.4,1680
2017-05-01,31-40,True,5,3691.7,1359
2017-05-01,41+,False,1,14056.2,5730
2017-05-01,41+,False,2,11925.6,4849
2017-05-01,41+,False,3,7111.4,3086
2017-05-01,41+,False,4,7289.0,3107
2017-05-01,41+,False,5,8670.9,3654
2017-05-01,41+,True,1,1371.9,553
2017-05-01,41+,True,2,3590.3,1515
2017-05-01,41+,True,3,8468.0,3582
2017-05-01,41+,True,4,10173.7,4164
2017-05-01,41+,True,5,7673.9,3027
2017-06-01,16-21,False,1,3827.4,1438
2017-06-01,16-21,False,2,4231.9,1561
2017-06-01,16-21,False,3,1081.0,384
2017-06-01,16-21,False,4,542.8,193
2017-06-01,16-21,False,5,1263.3,448
2017-06-01,16-21,True,1,35.2,13
2017-06-01,16-21,True,2,40.9,12
2017-06-01,16-21,True,3,62.9,20
2017-06-01,16-21,True,4,30.2,11
2017-06-01,16-21,True,5,58.1,20
2017-06-01,22-25,False,1,2812.6,1014
2017-06-01,22-25,False,2,2785.1,924
2017-06-01,22-25,False,3,1114.9,371
2017-06-01,22-25,False,4,705.6,251
2017-06-01,22-25,False,5,1321.7,440
2017-06-01,22-25,True,1,278.0,92
2017-06-01,22-25,True,2,594.6,200
2017-06-01,22-25,True,3,775.7,286
2017-06-01,22-25,True,4,898.2,301
2017-06-01,22-25,True,5,1111.2,365
2017-06-01,26-30,False,1,3519.6,1204
2017-06-01,26-30,False,2,2728.3,933
2017-06-01,26-30,False,3,1281.0,461
2017-06-01,26-30,False,4,1252.9,439
2017-06-01,26-30,False,5,1532.9,538
2017-06-01,26-30,True,1,317.0,110
2017-06-01,26-30,True,2,1012.9,358
2017-06-01,26-30,True,3,1874.7,672
2017-06-01,26-30,True,4,2015.3,700
2017-06-01,26-30,True,5,2074.2,719
2017-06-01,31-40,False,1,6251.6,2375
2017-06-01,31-40,False,2,4614.4,1807
2017-06-01,31-40,False,3,2497.2,1023
2017-06-01,31-40,False,4,2630.5,1007
2017-06-01,31-40,False,5,2951.7,1184
2017-06-01,31-40,True,1,531.7,219
2017-06-01,31-40,True,2,1830.5,721
2017-06-01,31-40,True,3,3734.7,1529
2017-06-01,31-40,True,4,4347.0,1722
2017-06-01,31-40,True,5,3864.8,1461
2017-06-01,41+,False,1,13965.4,5615
2017-06-01,41+,False,2,11875.4,4808
2017-06-01,41+,False,3,6919.4,2958
2017-06-01,41+,False,4,7392.2,3126
2017-06-01,41+,False,5,8607.5,3631
2017-06-01,41+,True,1,1398.1,572
2017-06-01,41+,True,2,3554.8,1479
2017-06-01,41+,True,3,8115.4,3405
2017-06-01,41+,True,4,9982.1,4016
2017-06-01,41+,True,5,7841.6,3046
2017-07-01,16-21,False,1,3955.6,1528
2017-07-01,16-21,False,2,4394.4,1619
2017-07-01,16-21,False,3,1064.8,396
2017-07-01,16-21,False,4,545.5,205
2017-07-01,16-21,False,5,1198.5,438
2017-07-01,16-21,True,1,37.4,14
2017-07-01,16-21,True,2,55.8,16
2017-07-01,16-21,True,3,76.1,23
2017-07-01,16-21,True,4,44.8,13
2017-07-01,16-21,True,5,59.7,21
2017-07-01,22-25,False,1,2841.4,1012
2017-07-01,22-25,False,2,2846.7,932
2017-07-01,22-25,False,3,1094.0,373
2017-07-01,22-25,False,4,748.8,263
2017-07-01,22-25,False,5,1263.1,427
2017-07-01,22-25,True,1,296.6,96
2017-07-01,22-25,True,2,665.2,216
2017-07-01,22-25,True,3,804.5,281
2017-07-01,22-25,True,4,932.7,305
2017-07-01,22-25,True,5,1159.9,386
2017-07-01,26-30,False,1,3419.2,1210
2017-07-01,26-30,False,2,2910.9,999
2017-07-01,26-30,False,3,1246.4,446
2017-07-01,26-30,False,4,1225.8,418
2017-07-01,26-30,False,5,1581.1,542
2017-07-01,26-30,True,1,255.8,94
2017-07-01,26-30,True,2,1056.0,384
2017-07-01,26-30,True,3,1951.4,688
2017-07-01,26-30,True,4,1972.4,702
2017-07-01,26-30,True,5,2112.3,726
2017-07-01,31-40,False,1,6368.5,2432
2017-07-01,31-40,False,2,4562.7,1770
2017-07-01,31-40,False,3,2349.8,974
2017-07-01,31-40,False,4,2481.4,937
2017-07-01,31-40,False,5,3066.9,1205
2017-07-01,31-40,True,1,595.4,238
2017-07-01,31-40,True,2,1758.2,695
2017-07-01,31-40,True,3,3696.4,1486
2017-07-01,31-40,True,4,4122.2,1648
2017-07-01,31-40,True,5,3881.8,1504
2017-07-01,41+,False,1,13853.5,5561
2017-07-01,41+,False,2,11682.1,4743
2017-07-01,41+,False,3,6754.6,2914
2017-07-01,41+,False,4,7417.6,3102
2017-07-01,41+,False,5,8617.3,3612
2017-07-01,41+,True,1,1454.4,608
2017-07-01,41+,True,2,3725.4,1541
2017-07-01,41+,True,3,8263.9,3439
2017-07-01,41+,True,4,10151.7,4073
2017-07-01,41+,True,5,7849.7,3014
2017-08-01,16-21,False,1,3575.3,1411
2017-08-01,16-21,False,2,4250.5,1571
2017-08-01,16-21,False,3,1057.0,389
2017-08-01,16-21,False,4,478.7,177
2017-08-01,16-21,False,5,1199.9,421
2017-08-01,16-21,True,1,15.8,9
2017-08-01,16-21,True,2,75.1,21
2017-08-01,16-21,True,3,42.7,15
2017-08-01,16-21,True,4,57.0,17
2017-08-01,16-21,True,5,30.2,13
2017-08-01,22-25,False,1,2874.4,1033
2017-08-01,22-25,False,2,2645.8,872
2017-08-01,22-25,False,3,1130.2,385
2017-08-01,22-25,False,4,715.8,250
2017-08-01,22-25,False,5,1238.0,405
2017-08-01,22-25,True,1,273.8,91
2017-08-01,22-25,True,2,691.1,226
2017-08-01,22-25,True,3,843.8,294
2017-08-01,22-25,True,4,907.7,305
2017-08-01,22-25,True,5,1220.9,390
2017-08-01,26-30,False,1,3314.3,1202
2017-08-01,26-30,False,2,2829.9,999
2017-08-01,26-30,False,3,1317.7,483
2017-08-01,26-30,False,4,1290.6,442
2017-08-01,26-30,False,5,1598.2,569
2017-08-01,26-30,True,1,268.4,104
2017-08-01,26-30,True,2,1052.2,391
2017-08-01,26-30,True,3,1867.5,691
2017-08-01,26-30,True,4,1913.1,675
2017-08-01,26-30,True,5,2208.1,754
2017-08-01,31-40,False,1,6058.9,2329
2017-08-01,31-40,False,2,4619.8,1739
2017-08-01,31-40,False,3,2323.7,955
2017-08-01,31-40,False,4,2575.3,974
2017-08-01,31-40,False,5,3013.1,1172
2017-08-01,31-40,True,1,613.8,248
2017-08-01,31-40,True,2,1816.0,697
2017-08-01,31-40,True,3,3782.9,1516
2017-08-01,31-40,True,4,4232.1,1662
2017-08-01,31-40,True,5,3794.1,1465
2017-08-01,41+,False,1,14420.8,5864
2017-08-01,41+,False,2,11523.4,4802
2017-08-01,41+,False,3,6813.7,2971
2017-08-01,41+,False,4,7331.5,3115
2017-08-01,41+,False,5,8700.4,3703
2017-08-01,41+,True,1,1505.9,622
2017-08-01,41+,True,2,3868.1,1612
2017-08-01,41+,True,3,8141.5,3484
2017-08-01,41+,True,4,9825.0,4037
2017-08-01,41+,True,5,7631.9,3036
2017-09-01,16-21,False,1,3176.6,1228
2017-09-01,16-21,False,2,3896.9,1413
2017-09-01,16-21,False,3,924.5,357
2017-09-01,16-21,False,4,466.6,175
2017-09-01,16-21,False,5,1105.4,395
2017-09-01,16-21,True,2,86.6,26
2017-09-01,16-21,True,3,36.1,15
2017-09-01,16-21,True,4,51.8,16
2017-09-01,16-21,True,5,45.9,16
2017-09-01,22-25,False,1,2940.4,1047
2017-09-01,22-25,False,2,2609.5,903
2017-09-01,22-25,False,3,1210.2,412
2017-09-01,22-25,False,4,782.7,268
2017-09-01,22-25,False,5,1192.6,415
2017-09-01,22-25,True,1,244.3,85
2017-09-01,22-25,True,2,719.1,244
2017-09-01,22-25,True,3,885.6,331
2017-09-01,22-25,True,4,965.8,321
2017-09-01,22-25,True,5,1124.7,388
2017-09-01,26-30,False,1,3371.9,1222
2017-09-01,26-30,False,2,2821.1,1005
2017-09-01,26-30,False,3,1309.2,486
2017-09-01,26-30,False,4,1311.6,465
2017-09-01,26-30,False,5,1659.3,587
2017-09-01,26-30,True,1,292.5,108
2017-09-01,26-30,True,2,1049.4,375
2017-09-01,26-30,True,3,1810.6,715
2017-09-01,26-30,True,4,1998.0,722
2017-09-01,26-30,True,5,2259.3,798
2017-09-01,31-40,False,1,6261.0,2354
2017-09-01,31-40,False,2,4766.2,1804
2017-09-01,31-40,False,3,2393.5,992
2017-09-01,31-40,False,4,2610.1,992
2017-09-01,31-40,False,5,3020.4,1189
2017-09-01,31-40,True,1,598.7,242
2017-09-01,31-40,True,2,1766.9,686
2017-09-01,31-40,True,3,3889.8,1582
2017-09-01,31-40,True,4,4357.2,1716
2017-09-01,31-40,True,5,3770.7,1471
2017-09-01,41+,False,1,14322.9,5828
2017-09-01,41+,False,2,11657.0,4830
2017-09-01,41+,False,3,6973.0,3025
2017-09-01,41+,False,4,7555.4,3177
2017-09-01,41+,False,5,8694.0,3685
2017-09-01,41+,True,1,1418.0,589
2017-09-01,41+,True,2,3923.8,1615
2017-09-01,41+,True,3,8483.0,3614
2017-09-01,41+,True,4,10037.9,4110
2017-09-01,41+,True,5,7646.0,3007
2017-10-01,16-21,False,1,3241.8,1277
2017-10-01,16-21,False,2,3628.2,1311
2017-10-01,16-21,False,3,944.2,368
2017-10-01,16-21,False,4,525.8,197
2017-10-01,16-21,False,5,1086.5,406
2017-10-01,16-21,True,1,21.5,5
2017-10-01,16-21,True,2,66.0,18
2017-10-01,16-21,True,3,40.3,16
2017-10-01,16-21,True,4,57.9,19
2017-10-01,16-21,True,5,33.4,10
2017-10-01,22-25,False,1,2963.3,1023
2017-10-01,22-25,False,2,2768.6,943
2017-10-01,22-25,False,3,1088.8,377
2017-10-01,22-25,False,4,735.3,258
2017-10-01,22-25,False,5,1186.8,414
2017-10-01,22-25,True,1,267.1,92
2017-10-01,22-25,True,2,760.7,256
2017-10-01,22-25,True,3,865.2,332
2017-10-01,22-25,True,4,899.7,306
2017-10-01,22-25,True,5,1169.7,401
2017-10-01,26-30,False,1,3343.0,1223
2017-10-01,26-30,False,2,2760.5,998
2017-10-01,26-30,False,3,1270.5,447
2017-10-01,26-30,False,4,1250.1,448
2017-10-01,26-30,False,5,1727.0,606
2017-10-01,26-30,True,1,279.0,102
2017-10-01,26-30,True,2,1171.6,405
2017-10-01,26-30,True,3,1914.9,732
2017-10-01,26-30,True,4,1934.3,705
2017-10-01,26-30,True,5,2165.7,775
2017-10-01,31-40,False,1,6219.9,2323
2017-10-01,31-40,False,2,4890.0,1837
2017-10-01,31-40,False,3,2424.7,994
2017-10-01,31-40,False,4,2703.4,1029
2017-10-01,31-40,False,5,3024.1,1181
2017-10-01,31-40,True,1,668.2,271
2017-10-01,31-40,True,2,1731.1,664
2017-10-01,31-40,True,3,3830.7,1570
2017-10-01,31-40,True,4,4207.8,1662
2017-10-01,31-40,True,5,3804.8,1471
2017-10-01,41+,False,1,14060.6,5778
2017-10-01,41+,False,2,11460.6,4813
2017-10-01,41+,False,3,6906.9,3008
2017-10-01,41+,False,4,7498.2,3157
2017-10-01,41+,False,5,8895.3,3734
2017-10-01,41+,True,1,1499.2,604
2017-10-01,41+,True,2,3910.1,1615
2017-10-01,41+,True,3,8404.0,3586
2017-10-01,41+,True,4,10149.8,4189
2017-10-01,41+,True,5,7766.2,3067
2017-11-01,16-21,False,1,3092.5,1205
2017-11-01,16-21,False,2,3462.6,1255
2017-11-01,16-21,False,3,971.0,374
2017-11-01,16-21,False,4,512.9,196
2017-11-01,16-21,False,5,1132.1,410
2017-11-01,16-21,True,1,19.8,6
2017-11-01,16-21,True,2,56.0,18
2017-11-01,16-21,True,3,45.1,16
2017-11-01,16-21,True,4,53.5,17
2017-11-01,16-21,True,5,42.0,17
2017-11-01,22-25,False,1,2907.5,996
2017-11-01,22-25,False,2,2750.9,942
2017-11-01,22-25,False,3,1092.1,377
2017-11-01,22-25,False,4,736.0,256
2017-11-01,22-25,False,5,1285.6,436
2017-11-01,22-25,True,1,233.9,90
2017-11-01,22-25,True,2,782.4,259
2017-11-01,22-25,True,3,880.2,331
2017-11-01,22-25,True,4,894.0,300
2017-11-01,22-25,True,5,1212.4,426
2017-11-01,26-30,False,1,3410.1,1230
2017-11-01,26-30,False,2,2674.5,965
2017-11-01,26-30,False,3,1251.3,474
2017-11-01,26-30,False,4,1328.2,451
2017-11-01,26-30,False,5,1737.3,586
2017-11-01,26-30,True,1,284.9,98
2017-11-01,26-30,True,2,1081.2,387
2017-11-01,26-30,True,3,1990.2,741
2017-11-01,26-30,True,4,1889.5,677
2017-11-01,26-30,True,5,2187.6,764
2017-11-01,31-40,False,1,6201.0,2323
2017-11-01,31-40,False,2,4941.4,1879
2017-11-01,31-40,False,3,2505.6,1000
2017-11-01,31-40,False,4,2712.1,1054
2017-11-01,31-40,False,5,2965.5,1165
2017-11-01,31-40,True,1,672.3,263
2017-11-01,31-40,True,2,1700.1,682
2017-11-01,31-40,True,3,3845.6,1604
2017-11-01,31-40,True,4,4189.8,1688
2017-11-01,31-40,True,5,3762.8,1479
2017-11-01,41+,False,1,14059.7,5703
2017-11-01,41+,False,2,11501.3,4760
2017-11-01,41+,False,3,6916.0,3010
2017-11-01,41+,False,4,7580.7,3189
2017-11-01,41+,False,5,9035.7,3782
2017-11-01,41+,True,1,1490.5,597
2017-11-01,41+,True,2,3885.1,1601
2017-11-01,41+,True,3,8316.9,3521
2017-11-01,41+,True,4,10132.8,4185
2017-11-01,41+,True,5,7767.8,3056
2017-12-01,16-21,False,1,3152.4,1229
2017-12-01,16-21,False,2,3538.1,1279
2017-12-01,16-21,False,3,914.8,350
2017-12-01,16-21,False,4,557.2,201
2017-12-01,16-21,False,5,1204.1,416
2017-12-01,16-21,True,1,20.1,7
2017-12-01,16-21,True,2,56.1,19
2017-12-01,16-21,True,3,44.5,18
2017-12-01,16-21,True,4,47.7,17
2017-12-01,16-21,True,5,66.2,22
2017-12-01,22-25,False,1,2664.6,911
2017-12-01,22-25,False,2,2719.8,916
2017-12-01,22-25,False,3,1067.0,357
2017-12-01,22-25,False,4,738.7,258
2017-12-01,22-25,False,5,1265.3,433
2017-12-01,22-25,True,1,252.6,88
2017-12-01,22-25,True,2,694.0,227
2017-12-01,22-25,True,3,849.3,300
2017-12-01,22-25,True,4,909.1,315
2017-12-01,22-25,True,5,1306.2,450
2017-12-01,26-30,False,1,3435.1,1206
2017-12-01,26-30,False,2,2821.5,966
2017-12-01,26-30,False,3,1308.5,468
2017-12-01,26-30,False,4,1329.8,452
2017-12-01,26-30,False,5,1639.7,558
2017-12-01,26-30,True,1,266.7,100
2017-12-01,26-30,True,2,1069.0,376
2017-12-01,26-30,True,3,1967.0,729
2017-12-01,26-30,True,4,1931.9,676
2017-12-01,26-30,True,5,2129.1,722
2017-12-01,31-40,False,1,6169.3,2237
2017-12-01,31-40,False,2,5019.2,1867
2017-12-01,31-40,False,3,2479.0,979
2017-12-01,31-40,False,4,2674.3,1015
2017-12-01,31-40,False,5,3014.0,1143
2017-12-01,31-40,True,1,624.4,249
2017-12-01,31-40,True,2,1717.5,675
2017-12-01,31-40,True,3,3762.4,1533
2017-12-01,31-40,True,4,4280.2,1702
2017-12-01,31-40,True,5,3805.7,1468
2017-12-01,41+,False,1,13574.7,5412
2017-12-01,41+,False,2,11353.1,4633
2017-12-01,41+,False,3,6988.0,2991
2017-12-01,41+,False,4,7637.8,3187
2017-12-01,41+,False,5,8723.3,3656
2017-12-01,41+,True,1,1402.4,560
2017-12-01,41+,True,2,3925.9,1591
2017-12-01,41+,True,3,8283.2,3461
2017-12-01,41+,True,4,10486.5,4232
2017-12-01,41+,True,5,7714.4,2990
2018-01-01,16-21,False,1,3051.9,1191
2018-01-01,16-21,False,2,3620.4,1312
2018-01-01,16-21,False,3,936.2,318
2018-01-01,16-21,False,4,569.6,202
2018-01-01,16-21,False,5,1142.1,385
2018-01-01,16-21,True,1,13.9,7
2018-01-01,16-21,True,2,56.6,23
2018-01-01,16-21,True,3,35.8,14
2018-01-01,16-21,True,4,33.3,12
2018-01-01,16-21,True,5,58.2,19
2018-01-01,22-25,False,1,2696.2,896
2018-01-01,22-25,False,2,2685.8,893
2018-01-01,22-25,False,3,1082.3,356
2018-01-01,22-25,False,4,780.3,260
2018-01-01,22-25,False,5,1290.4,425
2018-01-01,22-25,True,1,186.6,70
2018-01-01,22-25,True,2,715.5,237
2018-01-01,22-25,True,3,868.7,289
2018-01-01,22-25,True,4,874.9,283
2018-01-01,22-25,True,5,1225.3,415
2018-01-01,26-30,False,1,3359.5,1126
2018-01-01,26-30,False,2,2986.7,991
2018-01-01,26-30,False,3,1314.3,454
2018-01-01,26-30,False,4,1227.4,417
2018-01-01,26-30,False,5,1562.7,526
2018-01-01,26-30,True,1,262.1,97
2018-01-01,26-30,True,2,1098.5,371
2018-01-01,26-30,True,3,2064.1,734
2018-01-01,26-30,True,4,1847.3,641
2018-01-01,26-30,True,5,2159.7,707
2018-01-01,31-40,False,1,6064.1,2209
2018-01-01,31-40,False,2,4852.9,1786
2018-01-01,31-40,False,3,2429.0,938
2018-01-01,31-40,False,4,2712.7,1034
2018-01-01,31-40,False,5,3055.2,1187
2018-01-01,31-40,True,1,598.5,226
2018-01-01,31-40,True,2,1779.7,696
2018-01-01,31-40,True,3,3809.9,1515
2018-01-01,31-40,True,4,4267.2,1667
2018-01-01,31-40,True,5,3852.3,1447
2018-01-01,41+,False,1,13457.9,5360
2018-01-01,41+,False,2,11134.7,4516
2018-01-01,41+,False,3,6980.2,2987
2018-01-01,41+,False,4,7634.2,3168
2018-01-01,41+,False,5,8759.6,3648
2018-01-01,41+,True,1,1338.3,551
2018-01-01,41+,True,2,3657.8,1510
2018-01-01,41+,True,3,8532.3,3543
2018-01-01,41+,True,4,10366.4,4180
2018-01-01,41+,True,5,7759.0,3011
2018-02-01,16-21,False,1,3012.1,1132
2018-02-01,16-21,False,2,3747.4,1348
2018-02-01,16-21,False,3,906.2,307
2018-02-01,16-21,False,4,584.9,204
2018-02-01,16-21,False,5,1149.4,403
2018-02-01,16-21,True,1,20.1,6
2018-02-01,16-21,True,2,66.5,21
2018-02-01,16-21,True,3,53.1,18
2018-02-01,16-21,True,4,29.3,11
2018-02-01,16-21,True,5,71.1,29
2018-02-01,22-25,False,1,2651.0,869
2018-02-01,22-25,False,2,2644.5,863
2018-02-01,22-25,False,3,1072.0,337
2018-02-01,22-25,False,4,830.5,275
2018-02-01,22-25,False,5,1331.6,419
2018-02-01,22-25,True,1,206.7,71
2018-02-01,22-25,True,2,734.7,251
2018-02-01,22-25,True,3,978.3,328
2018-02-01,22-25,True,4,924.2,301
2018-02-01,22-25,True,5,1216.2,407
2018-02-01,26-30,False,1,3594.8,1180
2018-02-01,26-30,False,2,2989.5,1004
2018-02-01,26-30,False,3,1270.5,450
2018-02-01,26-30,False,4,1218.4,415
2018-02-01,26-30,False,5,1477.5,506
2018-02-01,26-30,True,1,318.3,112
2018-02-01,26-30,True,2,1100.5,360
2018-02-01,26-30,True,3,2071.5,727
2018-02-01,26-30,True,4,1908.5,660
2018-02-01,26-30,True,5,2254.9,732
2018-02-01,31-40,False,1,6207.0,2215
2018-02-01,31-40,False,2,4740.4,1777
2018-02-01,31-40,False,3,2509.6,956
2018-02-01,31-40,False,4,2513.1,967
2018-02-01,31-40,False,5,2923.5,1147
2018-02-01,31-40,True,1,579.9,222
2018-02-01,31-40,True,2,1823.3,704
2018-02-01,31-40,True,3,3789.2,1511
2018-02-01,31-40,True,4,4379.2,1695
2018-02-01,31-40,True,5,3898.6,1466
2018-02-01,41+,False,1,13786.2,5423
2018-02-01,41+,False,2,11507.1,4594
2018-02-01,41+,False,3,6876.4,2908
2018-02-01,41+,False,4,7309.7,3035
2018-02-01,41+,False,5,8645.6,3573
2018-02-01,41+,True,1,1409.0,550
2018-02-01,41+,True,2,3786.1,1541
2018-02-01,41+,True,3,9089.2,3688
2018-02-01,41+,True,4,10485.4,4171
2018-02-01,41+,True,5,7710.5,2985
2018-03-01,16-21,False,1,3049.6,1132
2018-03-01,16-21,False,2,3960.0,1377
2018-03-01,16-21,False,3,898.0,302
2018-03-01,16-21,False,4,542.3,198
2018-03-01,16-21,False,5,1222.8,407
2018-03-01,16-21,True,1,17.8,4
2018-03-01,16-21,True,2,45.6,13
2018-03-01,16-21,True,3,34.0,11
2018-03-01,16-21,True,4,32.2,11
2018-03-01,16-21,True,5,70.7,23
2018-03-01,22-25,False,1,2840.7,914
2018-03-01,22-25,False,2,2735.0,874
2018-03-01,22-25,False,3,1063.2,345
2018-03-01,22-25,False,4,828.4,256
2018-03-01,22-25,False,5,1320.2,414
2018-03-01,22-25,True,1,223.1,67
2018-03-01,22-25,True,2,624.2,216
2018-03-01,22-25,True,3,822.8,285
2018-03-01,22-25,True,4,914.5,291
2018-03-01,22-25,True,5,1198.5,397
2018-03-01,26-30,False,1,3619.9,1213
2018-03-01,26-30,False,2,3001.5,997
2018-03-01,26-30,False,3,1310.8,460
2018-03-01,26-30,False,4,1223.7,413
2018-03-01,26-30,False,5,1458.3,533
2018-03-01,26-30,True,1,306.7,108
2018-03-01,26-30,True,2,1144.7,385
2018-03-01,26-30,True,3,2008.6,705
2018-03-01,26-30,True,4,2008.7,671
2018-03-01,26-30,True,5,2144.2,718
2018-03-01,31-40,False,1,6225.0,2227
2018-03-01,31-40,False,2,4640.8,1769
2018-03-01,31-40,False,3,2534.4,968
2018-03-01,31-40,False,4,2594.2,997
2018-03-01,31-40,False,5,2877.8,1095
2018-03-01,31-40,True,1,631.2,236
2018-03-01,31-40,True,2,1822.7,698
2018-03-01,31-40,True,3,3737.7,1474
2018-03-01,31-40,True,4,4501.7,1684
2018-03-01,31-40,True,5,3971.3,1457
2018-03-01,41+,False,1,13958.0,5401
2018-03-01,41+,False,2,11561.1,4530
2018-03-01,41+,False,3,6941.8,2900
2018-03-01,41+,False,4,7459.5,3020
2018-03-01,41+,False,5,8495.4,3445
2018-03-01,41+,True,1,1370.3,536
2018-03-01,41+,True,2,3679.9,1459
2018-03-01,41+,True,3,8996.5,3571
2018-03-01,41+,True,4,10458.3,4102
2018-03-01,41+,True,5,7748.2,2954
2018-04-01,16-21,False,1,3002.5,1086
2018-04-01,16-21,False,2,3761.5,1326
2018-04-01,16-21,False,3,967.0,333
2018-04-01,16-21,False,4,559.9,203
2018-04-01,16-21,False,5,1153.9,402
2018-04-01,16-21,True,1,5.1,2
2018-04-01,16-21,True,2,42.7,13
2018-04-01,16-21,True,3,25.8,8
2018-04-01,16-21,True,4,15.8,6
2018-04-01,16-21,True,5,52.6,17
2018-04-01,22-25,False,1,2943.8,982
2018-04-01,22-25,False,2,2883.6,942
2018-04-01,22-25,False,3,1051.7,358
2018-04-01,22-25,False,4,792.4,262
2018-04-01,22-25,False,5,1336.0,441
2018-04-01,22-25,True,1,213.1,73
2018-04-01,22-25,True,2,650.8,217
2018-04-01,22-25,True,3,875.6,312
2018-04-01,22-25,True,4,889.2,302
2018-04-01,22-25,True,5,1099.3,348
2018-04-01,26-30,False,1,3533.8,1237
2018-04-01,26-30,False,2,2851.8,995
2018-04-01,26-30,False,3,1345.7,467
2018-04-01,26-30,False,4,1241.9,419
2018-04-01,26-30,False,5,1643.6,585
2018-04-01,26-30,True,1,339.2,117
2018-04-01,26-30,True,2,1019.9,346
2018-04-01,26-30,True,3,1997.8,709
2018-04-01,26-30,True,4,1989.6,681
2018-04-01,26-30,True,5,2157.9,740
2018-04-01,31-40,False,1,6362.4,2295
2018-04-01,31-40,False,2,4599.8,1803
2018-04-01,31-40,False,3,2668.8,1059
2018-04-01,31-40,False,4,2625.6,1046
2018-04-01,31-40,False,5,2839.4,1120
2018-04-01,31-40,True,1,603.9,232
2018-04-01,31-40,True,2,1928.0,748
2018-04-01,31-40,True,3,3805.7,1531
2018-04-01,31-40,True,4,4489.3,1696
2018-04-01,31-40,True,5,3971.2,1475
2018-04-01,41+,False,1,14132.7,5534
2018-04-01,41+,False,2,11655.4,4589
2018-04-01,41+,False,3,6913.6,2925
2018-04-01,41+,False,4,7491.7,3064
2018-04-01,41+,False,5,8670.7,3575
2018-04-01,41+,True,1,1432.4,572
2018-04-01,41+,True,2,3791.6,1512
2018-04-01,41+,True,3,8972.9,3599
2018-04-01,41+,True,4,10162.6,4090
2018-04-01,41+,True,5,7786.9,3010
2018-05-01,16-21,False,1,3385.0,1218
2018-05-01,16-21,False,2,3721.9,1301
2018-05-01,16-21,False,3,1052.7,341
2018-05-01,16-21,False,4,533.5,195
2018-05-01,16-21,False,5,1060.5,378
2018-05-01,16-21,True,1,8.3,4
2018-05-01,16-21,True,2,57.5,17
2018-05-01,16-21,True,3,55.4,14
2018-05-01,16-21,True,4,18.5,5
2018-05-01,16-21,True,5,50.8,14
2018-05-01,22-25,False,1,3006.7,1003
2018-05-01,22-25,False,2,2773.6,903
2018-05-01,22-25,False,3,1008.8,349
2018-05-01,22-25,False,4,796.2,256
2018-05-01,22-25,False,5,1385.2,420
2018-05-01,22-25,True,1,236.6,85
2018-05-01,22-25,True,2,576.1,194
2018-05-01,22-25,True,3,944.0,324
2018-05-01,22-25,True,4,825.0,283
2018-05-01,22-25,True,5,1084.8,341
2018-05-01,26-30,False,1,3452.7,1213
2018-05-01,26-30,False,2,2898.9,995
2018-05-01,26-30,False,3,1333.9,457
2018-05-01,26-30,False,4,1288.7,420
2018-05-01,26-30,False,5,1657.1,572
2018-05-01,26-30,True,1,332.5,112
2018-05-01,26-30,True,2,1016.2,351
2018-05-01,26-30,True,3,1921.2,679
2018-05-01,26-30,True,4,2044.4,681
2018-05-01,26-30,True,5,2077.3,693
2018-05-01,31-40,False,1,6431.6,2364
2018-05-01,31-40,False,2,4758.3,1848
2018-05-01,31-40,False,3,2620.3,1045
2018-05-01,31-40,False,4,2523.9,990
2018-05-01,31-40,False,5,2766.3,1090
2018-05-01,31-40,True,1,601.1,228
2018-05-01,31-40,True,2,1900.2,732
2018-05-01,31-40,True,3,3825.6,1541
2018-05-01,31-40,True,4,4529.8,1723
2018-05-01,31-40,True,5,3971.8,1447
2018-05-01,41+,False,1,14264.2,5542
2018-05-01,41+,False,2,12013.6,4715
2018-05-01,41+,False,3,6849.1,2906
2018-05-01,41+,False,4,7370.2,3017
2018-05-01,41+,False,5,8696.8,3558
2018-05-01,41+,True,1,1571.2,611
2018-05-01,41+,True,2,3828.9,1514
2018-05-01,41+,True,3,8799.3,3595
2018-05-01,41+,True,4,10308.4,4123
2018-05-01,41+,True,5,7774.7,2967
2018-06-01,16-21,False,1,3868.2,1453
2018-06-01,16-21,False,2,4274.3,1468
2018-06-01,16-21,False,3,1137.0,400
2018-06-01,16-21,False,4,569.7,210
2018-06-01,16-21,False,5,1171.7,408
2018-06-01,16-21,True,1,19.8,11
2018-06-01,16-21,True,2,69.4,21
2018-06-01,16-21,True,3,24.5,9
2018-06-01,16-21,True,4,44.8,13
2018-06-01,16-21,True,5,39.4,14
2018-06-01,22-25,False,1,2985.5,1013
2018-06-01,22-25,False,2,2657.5,847
2018-06-01,22-25,False,3,1080.5,361
2018-06-01,22-25,False,4,838.7,269
2018-06-01,22-25,False,5,1361.0,412
2018-06-01,22-25,True,1,264.9,90
2018-06-01,22-25,True,2,648.1,211
2018-06-01,22-25,True,3,863.1,289
2018-06-01,22-25,True,4,841.8,280
2018-06-01,22-25,True,5,1105.6,350
2018-06-01,26-30,False,1,3380.2,1156
2018-06-01,26-30,False,2,2977.9,985
2018-06-01,26-30,False,3,1388.6,471
2018-06-01,26-30,False,4,1273.1,421
2018-06-01,26-30,False,5,1581.8,530
2018-06-01,26-30,True,1,345.5,107
2018-06-01,26-30,True,2,1079.7,366
2018-06-01,26-30,True,3,1917.4,666
2018-06-01,26-30,True,4,1996.8,666
2018-06-01,26-30,True,5,2022.8,655
2018-06-01,31-40,False,1,6493.8,2381
2018-06-01,31-40,False,2,4872.3,1873
2018-06-01,31-40,False,3,2499.5,993
2018-06-01,31-40,False,4,2677.0,1025
2018-06-01,31-40,False,5,2784.7,1104
2018-06-01,31-40,True,1,658.5,244
2018-06-01,31-40,True,2,1827.4,711
2018-06-01,31-40,True,3,3783.6,1505
2018-06-01,31-40,True,4,4547.0,1749
2018-06-01,31-40,True,5,3893.8,1432
2018-06-01,41+,False,1,14301.3,5509
2018-06-01,41+,False,2,11891.6,4602
2018-06-01,41+,False,3,6726.0,2824
2018-06-01,41+,False,4,7442.4,2997
2018-06-01,41+,False,5,8624.0,3470
2018-06-01,41+,True,1,1447.2,575
2018-06-01,41+,True,2,3816.2,1488
2018-06-01,41+,True,3,8582.0,3398
2018-06-01,41+,True,4,9937.7,3934
2018-06-01,41+,True,5,7829.5,2953
2018-07-01,16-21,False,1,4095.6,1566
2018-07-01,16-21,False,2,4487.6,1558
2018-07-01,16-21,False,3,1097.0,371
2018-07-01,16-21,False,4,537.8,191
2018-07-01,16-21,False,5,1203.4,436
2018-07-01,16-21,True,1,28.2,14
2018-07-01,16-21,True,2,68.5,19
2018-07-01,16-21,True,3,38.1,11
2018-07-01,16-21,True,4,40.1,14
2018-07-01,16-21,True,5,52.3,15
2018-07-01,22-25,False,1,2915.9,1004
2018-07-01,22-25,False,2,2589.6,839
2018-07-01,22-25,False,3,1033.1,364
2018-07-01,22-25,False,4,812.0,269
2018-07-01,22-25,False,5,1212.4,398
2018-07-01,22-25,True,1,271.1,92
2018-07-01,22-25,True,2,651.3,214
2018-07-01,22-25,True,3,947.6,311
2018-07-01,22-25,True,4,950.1,318
2018-07-01,22-25,True,5,1272.5,393
2018-07-01,26-30,False,1,3504.9,1171
2018-07-01,26-30,False,2,2915.9,955
2018-07-01,26-30,False,3,1406.3,459
2018-07-01,26-30,False,4,1337.0,439
2018-07-01,26-30,False,5,1545.6,515
2018-07-01,26-30,True,1,352.6,116
2018-07-01,26-30,True,2,1099.1,371
2018-07-01,26-30,True,3,1960.1,660
2018-07-01,26-30,True,4,2060.1,657
2018-07-01,26-30,True,5,2113.1,678
2018-07-01,31-40,False,1,6504.5,2350
2018-07-01,31-40,False,2,4812.0,1792
2018-07-01,31-40,False,3,2476.9,951
2018-07-01,31-40,False,4,2530.1,954
2018-07-01,31-40,False,5,2856.9,1090
2018-07-01,31-40,True,1,631.4,255
2018-07-01,31-40,True,2,1817.8,712
2018-07-01,31-40,True,3,3819.3,1511
2018-07-01,31-40,True,4,4540.2,1714
2018-07-01,31-40,True,5,3997.0,1446
2018-07-01,41+,False,1,13963.9,5296
2018-07-01,41+,False,2,11657.4,4531
2018-07-01,41+,False,3,6859.0,2845
2018-07-01,41+,False,4,7399.4,2953
2018-07-01,41+,False,5,8810.0,3516
2018-07-01,41+,True,1,1423.5,576
2018-07-01,41+,True,2,3919.6,1505
2018-07-01,41+,True,3,8471.4,3354
2018-07-01,41+,True,4,9931.5,3894
2018-07-01,41+,True,5,7983.0,2992
2018-08-01,16-21,False,1,3549.4,1383
2018-08-01,16-21,False,2,3927.8,1398
2018-08-01,16-21,False,3,1041.5,359
2018-08-01,16-21,False,4,542.0,183
2018-08-01,16-21,False,5,1129.4,399
2018-08-01,16-21,True,1,14.1,7
2018-08-01,16-21,True,2,40.1,14
2018-08-01,16-21,True,3,44.3,13
2018-08-01,16-21,True,4,38.5,12
2018-08-01,16-21,True,5,77.6,23
2018-08-01,22-25,False,1,2858.8,975
2018-08-01,22-25,False,2,2290.9,750
2018-08-01,22-25,False,3,1073.8,367
2018-08-01,22-25,False,4,807.7,255
2018-08-01,22-25,False,5,1334.7,415
2018-08-01,22-25,True,1,234.6,80
2018-08-01,22-25,True,2,595.0,199
2018-08-01,22-25,True,3,961.6,319
2018-08-01,22-25,True,4,849.0,281
2018-08-01,22-25,True,5,1284.9,393
2018-08-01,26-30,False,1,3503.6,1161
2018-08-01,26-30,False,2,2848.2,942
2018-08-01,26-30,False,3,1398.4,484
2018-08-01,26-30,False,4,1168.9,400
2018-08-01,26-30,False,5,1532.4,526
2018-08-01,26-30,True,1,343.7,112
2018-08-01,26-30,True,2,998.6,348
2018-08-01,26-30,True,3,1983.0,683
2018-08-01,26-30,True,4,2026.9,647
2018-08-01,26-30,True,5,2219.6,723
2018-08-01,31-40,False,1,6470.9,2350
2018-08-01,31-40,False,2,4712.0,1734
2018-08-01,31-40,False,3,2493.4,950
2018-08-01,31-40,False,4,2641.8,979
2018-08-01,31-40,False,5,2771.2,1067
2018-08-01,31-40,True,1,691.9,256
2018-08-01,31-40,True,2,1840.1,688
2018-08-01,31-40,True,3,3913.2,1557
2018-08-01,31-40,True,4,4716.8,1749
2018-08-01,31-40,True,5,3894.7,1429
2018-08-01,41+,False,1,14338.0,5468
2018-08-01,41+,False,2,11763.7,4580
2018-08-01,41+,False,3,6908.7,2866
2018-08-01,41+,False,4,7166.9,2902
2018-08-01,41+,False,5,8476.7,3424
2018-08-01,41+,True,1,1457.4,576
2018-08-01,41+,True,2,3990.0,1529
2018-08-01,41+,True,3,8454.0,3417
2018-08-01,41+,True,4,10088.2,3947
2018-08-01,41+,True,5,8030.5,3031
2018-09-01,16-21,False,1,3247.0,1282
2018-09-01,16-21,False,2,3619.2,1311
2018-09-01,16-21,False,3,1067.1,372
2018-09-01,16-21,False,4,548.7,193
2018-09-01,16-21,False,5,1027.5,372
2018-09-01,16-21,True,1,10.2,5
2018-09-01,16-21,True,2,31.5,13
2018-09-01,16-21,True,3,21.2,7
2018-09-01,16-21,True,4,53.0,15
2018-09-01,16-21,True,5,56.7,21
2018-09-01,22-25,False,1,2782.1,948
2018-09-01,22-25,False,2,2722.7,884
2018-09-01,22-25,False,3,1098.9,388
2018-09-01,22-25,False,4,674.4,218
2018-09-01,22-25,False,5,1286.1,421
2018-09-01,22-25,True,1,192.3,68
2018-09-01,22-25,True,2,651.2,219
2018-09-01,22-25,True,3,963.0,323
2018-09-01,22-25,True,4,1002.9,326
2018-09-01,22-25,True,5,1138.0,371
2018-09-01,26-30,False,1,3545.4,1201
2018-09-01,26-30,False,2,2852.3,954
2018-09-01,26-30,False,3,1514.9,526
2018-09-01,26-30,False,4,1186.8,423
2018-09-01,26-30,False,5,1550.9,536
2018-09-01,26-30,True,1,335.7,115
2018-09-01,26-30,True,2,1056.1,372
2018-09-01,26-30,True,3,1784.9,659
2018-09-01,26-30,True,4,2058.7,669
2018-09-01,26-30,True,5,2359.2,798
2018-09-01,31-40,False,1,6580.0,2404
2018-09-01,31-40,False,2,4600.0,1748
2018-09-01,31-40,False,3,2552.7,999
2018-09-01,31-40,False,4,2680.2,1004
2018-09-01,31-40,False,5,2972.2,1135
2018-09-01,31-40,True,1,623.3,239
2018-09-01,31-40,True,2,1806.0,704
2018-09-01,31-40,True,3,3817.9,1544
2018-09-01,31-40,True,4,4734.9,1775
2018-09-01,31-40,True,5,3942.4,1477
2018-09-01,41+,False,1,14353.2,5499
2018-09-01,41+,False,2,11928.0,4681
2018-09-01,41+,False,3,6876.3,2873
2018-09-01,41+,False,4,7372.2,2937
2018-09-01,41+,False,5,8513.1,3452
2018-09-01,41+,True,1,1465.7,576
2018-09-01,41+,True,2,4076.9,1556
2018-09-01,41+,True,3,8447.1,3417
2018-09-01,41+,True,4,10279.2,4021
2018-09-01,41+,True,5,8131.5,3094
2018-10-01,16-21,False,1,3334.4,1233
2018-10-01,16-21,False,2,3657.7,1299
2018-10-01,16-21,False,3,1049.5,348
2018-10-01,16-21,False,4,559.0,190
2018-10-01,16-21,False,5,984.1,360
2018-10-01,16-21,True,1,5.2,3
2018-10-01,16-21,True,2,28.7,10
2018-10-01,16-21,True,3,60.9,17
2018-10-01,16-21,True,4,49.1,15
2018-10-01,16-21,True,5,63.0,21
2018-10-01,22-25,False,1,2804.6,933
2018-10-01,22-25,False,2,2827.3,909
2018-10-01,22-25,False,3,1053.9,366
2018-10-01,22-25,False,4,667.7,213
2018-10-01,22-25,False,5,1238.9,404
2018-10-01,22-25,True,1,197.9,69
2018-10-01,22-25,True,2,660.3,207
2018-10-01,22-25,True,3,980.6,335
2018-10-01,22-25,True,4,1018.1,333
2018-10-01,22-25,True,5,1114.6,391
2018-10-01,26-30,False,1,3627.4,1187
2018-10-01,26-30,False,2,2984.7,1001
2018-10-01,26-30,False,3,1465.0,496
2018-10-01,26-30,False,4,1296.8,443
2018-10-01,26-30,False,5,1461.1,513
2018-10-01,26-30,True,1,335.1,119
2018-10-01,26-30,True,2,1040.8,360
2018-10-01,26-30,True,3,1843.4,685
2018-10-01,26-30,True,4,2005.7,682
2018-10-01,26-30,True,5,2427.6,821
2018-10-01,31-40,False,1,6568.7,2335
2018-10-01,31-40,False,2,4787.4,1757
2018-10-01,31-40,False,3,2559.4,1002
2018-10-01,31-40,False,4,2723.4,1017
2018-10-01,31-40,False,5,2909.9,1104
2018-10-01,31-40,True,1,654.1,240
2018-10-01,31-40,True,2,1745.0,662
2018-10-01,31-40,True,3,3885.0,1568
2018-10-01,31-40,True,4,4601.9,1725
2018-10-01,31-40,True,5,4018.4,1482
2018-10-01,41+,False,1,14334.5,5512
2018-10-01,41+,False,2,11558.6,4557
2018-10-01,41+,False,3,6686.2,2815
2018-10-01,41+,False,4,7535.6,3017
2018-10-01,41+,False,5,8488.4,3477
2018-10-01,41+,True,1,1419.3,539
2018-10-01,41+,True,2,4009.5,1551
2018-10-01,41+,True,3,8687.2,3516
2018-10-01,41+,True,4,10625.6,4186
2018-10-01,41+,True,5,8310.6,3132
2018-11-01,16-21,False,1,3281.5,1174
2018-11-01,16-21,False,2,3666.7,1294
2018-11-01,16-21,False,3,1024.6,347
2018-11-01,16-21,False,4,513.4,182
2018-11-01,16-21,False,5,987.2,346
2018-11-01,16-21,True,1,9.7,4
2018-11-01,16-21,True,2,46.6,13
2018-11-01,16-21,True,3,41.5,14
2018-11-01,16-21,True,4,36.0,13
2018-11-01,16-21,True,5,79.9,24
2018-11-01,22-25,False,1,2820.1,921
2018-11-01,22-25,False,2,2794.7,882
2018-11-01,22-25,False,3,1083.5,357
2018-11-01,22-25,False,4,810.7,259
2018-11-01,22-25,False,5,1243.7,390
2018-11-01,22-25,True,1,242.6,77
2018-11-01,22-25,True,2,621.3,206
2018-11-01,22-25,True,3,896.1,314
2018-11-01,22-25,True,4,939.5,319
2018-11-01,22-25,True,5,1116.3,396
2018-11-01,26-30,False,1,3498.8,1141
2018-11-01,26-30,False,2,2958.1,959
2018-11-01,26-30,False,3,1400.5,473
2018-11-01,26-30,False,4,1202.3,416
2018-11-01,26-30,False,5,1501.1,502
2018-11-01,26-30,True,1,370.7,124
2018-11-01,26-30,True,2,1049.5,351
2018-11-01,26-30,True,3,2079.0,755
2018-11-01,26-30,True,4,1987.1,679
2018-11-01,26-30,True,5,2365.4,783
2018-11-01,31-40,False,1,6538.7,2301
2018-11-01,31-40,False,2,4807.0,1762
2018-11-01,31-40,False,3,2571.5,1018
2018-11-01,31-40,False,4,2605.0,1004
2018-11-01,31-40,False,5,2786.9,1070
2018-11-01,31-40,True,1,631.6,240
2018-11-01,31-40,True,2,1751.8,651
2018-11-01,31-40,True,3,3961.0,1596
2018-11-01,31-40,True,4,4637.4,1733
2018-11-01,31-40,True,5,4068.2,1485
2018-11-01,41+,False,1,14422.9,5504
2018-11-01,41+,False,2,11661.4,4574
2018-11-01,41+,False,3,6680.4,2793
2018-11-01,41+,False,4,7693.4,3066
2018-11-01,41+,False,5,8426.5,3425
2018-11-01,41+,True,1,1489.8,564
2018-11-01,41+,True,2,3857.1,1525
2018-11-01,41+,True,3,8772.3,3543
2018-11-01,41+,True,4,10747.5,4202
2018-11-01,41+,True,5,8235.9,3113
2018-12-01,16-21,False,1,3335.5,1180
2018-12-01,16-21,False,2,3578.0,1263
2018-12-01,16-21,False,3,1049.3,352
2018-12-01,16-21,False,4,578.0,194
2018-12-01,16-21,False,5,1059.2,340
2018-12-01,16-21,True,1,21.4,7
2018-12-01,16-21,True,2,61.8,15
2018-12-01,16-21,True,3,60.9,20
2018-12-01,16-21,True,4,37.7,16
2018-12-01,16-21,True,5,45.4,15
2018-12-01,22-25,False,1,2787.8,920
2018-12-01,22-25,False,2,2706.5,847
2018-12-01,22-25,False,3,1017.2,343
2018-12-01,22-25,False,4,791.2,251
2018-12-01,22-25,False,5,1239.4,389
2018-12-01,22-25,True,1,207.6,74
2018-12-01,22-25,True,2,575.4,184
2018-12-01,22-25,True,3,923.5,314
2018-12-01,22-25,True,4,892.6,287
2018-12-01,22-25,True,5,1198.4,389
2018-12-01,26-30,False,1,3612.3,1190
2018-12-01,26-30,False,2,2878.8,951
2018-12-01,26-30,False,3,1365.2,466
2018-12-01,26-30,False,4,1238.7,412
2018-12-01,26-30,False,5,1558.7,520
2018-12-01,26-30,True,1,326.2,114
2018-12-01,26-30,True,2,1095.5,354
2018-12-01,26-30,True,3,2058.5,741
2018-12-01,26-30,True,4,1967.4,663
2018-12-01,26-30,True,5,2351.0,775
2018-12-01,31-40,False,1,6447.9,2233
2018-12-01,31-40,False,2,4798.8,1723
2018-12-01,31-40,False,3,2671.5,1009
2018-12-01,31-40,False,4,2427.9,931
2018-12-01,31-40,False,5,2821.5,1070
2018-12-01,31-40,True,1,641.8,231
2018-12-01,31-40,True,2,1817.7,659
2018-12-01,31-40,True,3,3985.8,1541
2018-12-01,31-40,True,4,4676.4,1719
2018-12-01,31-40,True,5,3817.0,1406
2018-12-01,41+,False,1,13738.4,5193
2018-12-01,41+,False,2,11544.4,4494
2018-12-01,41+,False,3,6801.5,2802
2018-12-01,41+,False,4,7698.7,3080
2018-12-01,41+,False,5,8458.4,3389
2018-12-01,41+,True,1,1410.6,534
2018-12-01,41+,True,2,3977.8,1530
2018-12-01,41+,True,3,9059.7,3546
2018-12-01,41+,True,4,10781.1,4178
2018-12-01,41+,True,5,8285.1,3077
2019-01-01,16-21,False,1,3119.9,1140
2019-01-01,16-21,False,2,3492.1,1206
2019-01-01,16-21,False,3,839.0,302
2019-01-01,16-21,False,4,608.8,199
2019-01-01,16-21,False,5,1177.8,371
2019-01-01,16-21,True,1,24.7,6
2019-01-01,16-21,True,2,32.7,10
2019-01-01,16-21,True,3,52.9,16
2019-01-01,16-21,True,4,50.6,18
2019-01-01,16-21,True,5,67.5,19
2019-01-01,22-25,False,1,2599.3,846
2019-01-01,22-25,False,2,2704.6,857
2019-01-01,22-25,False,3,1016.4,329
2019-01-01,22-25,False,4,786.9,245
2019-01-01,22-25,False,5,1117.4,352
2019-01-01,22-25,True,1,220.2,76
2019-01-01,22-25,True,2,555.4,174
2019-01-01,22-25,True,3,985.2,333
2019-01-01,22-25,True,4,908.4,297
2019-01-01,22-25,True,5,1273.9,401
2019-01-01,26-30,False,1,3401.6,1131
2019-01-01,26-30,False,2,2854.9,930
2019-01-01,26-30,False,3,1287.9,429
2019-01-01,26-30,False,4,1238.8,395
2019-01-01,26-30,False,5,1563.7,506
2019-01-01,26-30,True,1,367.0,117
2019-01-01,26-30,True,2,1006.9,330
2019-01-01,26-30,True,3,2229.4,758
2019-01-01,26-30,True,4,2014.5,660
2019-01-01,26-30,True,5,2347.7,749
2019-01-01,31-40,False,1,6273.6,2175
2019-01-01,31-40,False,2,4624.2,1653
2019-01-01,31-40,False,3,2575.5,961
2019-01-01,31-40,False,4,2547.7,973
2019-01-01,31-40,False,5,2964.8,1111
2019-01-01,31-40,True,1,611.7,220
2019-01-01,31-40,True,2,1727.5,630
2019-01-01,31-40,True,3,3945.1,1537
2019-01-01,31-40,True,4,4820.1,1758
2019-01-01,31-40,True,5,3894.7,1420
2019-01-01,41+,False,1,13806.3,5255
2019-01-01,41+,False,2,11278.6,4454
2019-01-01,41+,False,3,6836.1,2836
2019-01-01,41+,False,4,7784.6,3174
2019-01-01,41+,False,5,8696.6,3491
2019-01-01,41+,True,1,1436.9,558
2019-01-01,41+,True,2,3847.6,1495
2019-01-01,41+,True,3,8929.9,3529
2019-01-01,41+,True,4,10467.8,4094
2019-01-01,41+,True,5,7948.6,2947
2019-02-01,16-21,False,1,3160.6,1139
2019-02-01,16-21,False,2,3487.9,1222
2019-02-01,16-21,False,3,886.4,294
2019-02-01,16-21,False,4,569.5,196
2019-02-01,16-21,False,5,1107.0,358
2019-02-01,16-21,True,1,28.3,9
2019-02-01,16-21,True,2,54.9,17
2019-02-01,16-21,True,3,34.8,12
2019-02-01,16-21,True,4,59.0,21
2019-02-01,16-21,True,5,73.2,22
2019-02-01,22-25,False,1,2616.8,841
2019-02-01,22-25,False,2,2713.7,854
2019-02-01,22-25,False,3,896.6,296
2019-02-01,22-25,False,4,710.5,227
2019-02-01,22-25,False,5,1182.3,382
2019-02-01,22-25,True,1,210.5,74
2019-02-01,22-25,True,2,648.7,196
2019-02-01,22-25,True,3,1015.5,338
2019-02-01,22-25,True,4,1006.9,316
2019-02-01,22-25,True,5,1393.9,431
2019-02-01,26-30,False,1,3276.1,1079
2019-02-01,26-30,False,2,2897.0,977
2019-02-01,26-30,False,3,1400.9,462
2019-02-01,26-30,False,4,1211.8,402
2019-02-01,26-30,False,5,1702.2,526
2019-02-01,26-30,True,1,358.4,125
2019-02-01,26-30,True,2,986.8,320
2019-02-01,26-30,True,3,2165.6,721
2019-02-01,26-30,True,4,1957.2,638
2019-02-01,26-30,True,5,2365.8,762
2019-02-01,31-40,False,1,6308.9,2160
2019-02-01,31-40,False,2,4426.5,1591
2019-02-01,31-40,False,3,2700.8,985
2019-02-01,31-40,False,4,2445.3,937
2019-02-01,31-40,False,5,3003.3,1080
2019-02-01,31-40,True,1,565.7,203
2019-02-01,31-40,True,2,1949.9,685
2019-02-01,31-40,True,3,3865.7,1511
2019-02-01,31-40,True,4,4792.0,1719
2019-02-01,31-40,True,5,4122.9,1498
2019-02-01,41+,False,1,13804.8,5186
2019-02-01,41+,False,2,11668.4,4501
2019-02-01,41+,False,3,6735.7,2758
2019-02-01,41+,False,4,7454.2,3008
2019-02-01,41+,False,5,8847.1,3492
2019-02-01,41+,True,1,1461.8,562
2019-02-01,41+,True,2,4096.3,1595
2019-02-01,41+,True,3,8942.7,3510
2019-02-01,41+,True,4,10703.2,4116
2019-02-01,41+,True,5,8093.5,2992
2019-03-01,16-21,False,1,3258.5,1137
2019-03-01,16-21,False,2,3573.1,1202
2019-03-01,16-21,False,3,969.5,302
2019-03-01,16-21,False,4,591.8,203
2019-03-01,16-21,False,5,1143.4,364
2019-03-01,16-21,True,1,17.9,5
2019-03-01,16-21,True,2,49.7,13
2019-03-01,16-21,True,3,37.0,13
2019-03-01,16-21,True,4,32.2,14
2019-03-01,16-21,True,5,35.2,14
2019-03-01,22-25,False,1,2684.5,864
2019-03-01,22-25,False,2,2838.1,847
2019-03-01,22-25,False,3,925.0,300
2019-03-01,22-25,False,4,756.1,233
2019-03-01,22-25,False,5,1130.4,354
2019-03-01,22-25,True,1,179.4,66
2019-03-01,22-25,True,2,647.9,189
2019-03-01,22-25,True,3,1045.6,343
2019-03-01,22-25,True,4,975.4,309
2019-03-01,22-25,True,5,1265.3,387
2019-03-01,26-30,False,1,3449.7,1080
2019-03-01,26-30,False,2,2836.8,937
2019-03-01,26-30,False,3,1450.6,477
2019-03-01,26-30,False,4,1252.4,406
2019-03-01,26-30,False,5,1559.5,489
2019-03-01,26-30,True,1,437.7,135
2019-03-01,26-30,True,2,1063.2,331
2019-03-01,26-30,True,3,2043.7,672
2019-03-01,26-30,True,4,2103.5,665
2019-03-01,26-30,True,5,2339.4,744
2019-03-01,31-40,False,1,6115.2,2125
2019-03-01,31-40,False,2,4594.5,1643
2019-03-01,31-40,False,3,2493.5,943
2019-03-01,31-40,False,4,2569.7,960
2019-03-01,31-40,False,5,3073.3,1109
2019-03-01,31-40,True,1,616.1,218
2019-03-01,31-40,True,2,1855.5,661
2019-03-01,31-40,True,3,3971.4,1526
2019-03-01,31-40,True,4,4759.3,1718
2019-03-01,31-40,True,5,4156.3,1480
2019-03-01,41+,False,1,13946.1,5172
2019-03-01,41+,False,2,11627.1,4468
2019-03-01,41+,False,3,6842.4,2760
2019-03-01,41+,False,4,7370.9,2942
2019-03-01,41+,False,5,8675.2,3375
2019-03-01,41+,True,1,1541.7,572
2019-03-01,41+,True,2,3945.2,1508
2019-03-01,41+,True,3,8892.3,3386
2019-03-01,41+,True,4,10877.6,4044
2019-03-01,41+,True,5,7825.0,2824
2019-04-01,16-21,False,1,3163.3,1134
2019-04-01,16-21,False,2,3460.2,1187
2019-04-01,16-21,False,3,988.8,318
2019-04-01,16-21,False,4,575.0,186
2019-04-01,16-21,False,5,1155.8,371
2019-04-01,16-21,True,1,29.8,7
2019-04-01,16-21,True,2,53.2,12
2019-04-01,16-21,True,3,23.6,10
2019-04-01,16-21,True,4,25.5,10
2019-04-01,16-21,True,5,29.4,14
2019-04-01,22-25,False,1,2807.3,924
2019-04-01,22-25,False,2,2948.1,910
2019-04-01,22-25,False,3,1002.4,321
2019-04-01,22-25,False,4,696.9,231
2019-04-01,22-25,False,5,1216.1,376
2019-04-01,22-25,True,1,211.9,74
2019-04-01,22-25,True,2,565.2,173
2019-04-01,22-25,True,3,999.2,331
2019-04-01,22-25,True,4,906.5,291
2019-04-01,22-25,True,5,1153.2,361
2019-04-01,26-30,False,1,3538.1,1159
2019-04-01,26-30,False,2,2772.2,939
2019-04-01,26-30,False,3,1531.1,501
2019-04-01,26-30,False,4,1110.5,362
2019-04-01,26-30,False,5,1615.6,500
2019-04-01,26-30,True,1,356.9,113
2019-04-01,26-30,True,2,993.9,318
2019-04-01,26-30,True,3,1962.9,663
2019-04-01,26-30,True,4,2128.5,687
2019-04-01,26-30,True,5,2374.3,751
2019-04-01,31-40,False,1,6113.9,2174
2019-04-01,31-40,False,2,4644.6,1705
2019-04-01,31-40,False,3,2459.3,942
2019-04-01,31-40,False,4,2564.7,975
2019-04-01,31-40,False,5,3193.0,1156
2019-04-01,31-40,True,1,644.1,230
2019-04-01,31-40,True,2,1864.6,688
2019-04-01,31-40,True,3,3961.0,1512
2019-04-01,31-40,True,4,4677.5,1679
2019-04-01,31-40,True,5,4363.0,1529
2019-04-01,41+,False,1,14192.3,5381
2019-04-01,41+,False,2,11941.1,4570
2019-04-01,41+,False,3,6976.9,2834
2019-04-01,41+,False,4,7369.3,2970
2019-04-01,41+,False,5,8708.9,3434
2019-04-01,41+,True,1,1596.7,587
2019-04-01,41+,True,2,3950.8,1520
2019-04-01,41+,True,3,8845.4,3442
2019-04-01,41+,True,4,10459.8,3964
2019-04-01,41+,True,5,7787.2,2864
2019-05-01,16-21,False,1,3414.9,1194
2019-05-01,16-21,False,2,3613.8,1216
2019-05-01,16-21,False,3,998.6,320
2019-05-01,16-21,False,4,573.1,189
2019-05-01,16-21,False,5,1089.1,353
2019-05-01,16-21,True,1,20.5,5
2019-05-01,16-21,True,2,45.1,11
2019-05-01,16-21,True,3,42.1,15
2019-05-01,16-21,True,4,52.4,16
2019-05-01,16-21,True,5,44.1,17
2019-05-01,22-25,False,1,2857.2,918
2019-05-01,22-25,False,2,2936.9,886
2019-05-01,22-25,False,3,1123.8,350
2019-05-01,22-25,False,4,692.2,228
2019-05-01,22-25,False,5,1190.1,357
2019-05-01,22-25,True,1,180.0,65
2019-05-01,22-25,True,2,577.6,174
2019-05-01,22-25,True,3,949.6,308
2019-05-01,22-25,True,4,856.4,270
2019-05-01,22-25,True,5,1167.0,357
2019-05-01,26-30,False,1,3603.8,1161
2019-05-01,26-30,False,2,2818.7,956
2019-05-01,26-30,False,3,1495.6,500
2019-05-01,26-30,False,4,1190.2,396
2019-05-01,26-30,False,5,1643.9,514
2019-05-01,26-30,True,1,404.7,127
2019-05-01,26-30,True,2,1020.8,322
2019-05-01,26-30,True,3,1925.0,648
2019-05-01,26-30,True,4,1946.7,642
2019-05-01,26-30,True,5,2350.4,738
2019-05-01,31-40,False,1,6168.8,2144
2019-05-01,31-40,False,2,4768.3,1711
2019-05-01,31-40,False,3,2521.1,942
2019-05-01,31-40,False,4,2602.7,962
2019-05-01,31-40,False,5,2984.0,1044
2019-05-01,31-40,True,1,658.5,233
2019-05-01,31-40,True,2,1915.7,681
2019-05-01,31-40,True,3,4120.4,1505
2019-05-01,31-40,True,4,4562.7,1603
2019-05-01,31-40,True,5,4366.5,1470
2019-05-01,41+,False,1,14214.5,5264
2019-05-01,41+,False,2,12132.8,4557
2019-05-01,41+,False,3,6737.4,2703
2019-05-01,41+,False,4,7552.0,2937
2019-05-01,41+,False,5,8493.3,3303
2019-05-01,41+,True,1,1519.7,586
2019-05-01,41+,True,2,3859.3,1458
2019-05-01,41+,True,3,8766.8,3395
2019-05-01,41+,True,4,10521.5,3928
2019-05-01,41+,True,5,7861.9,2872
2019-06-01,16-21,False,1,3967.6,1465
2019-06-01,16-21,False,2,4275.3,1446
2019-06-01,16-21,False,3,1137.0,372
2019-06-01,16-21,False,4,561.5,186
2019-06-01,16-21,False,5,1238.3,413
2019-06-01,16-21,True,1,31.3,8
2019-06-01,16-21,True,2,42.8,12
2019-06-01,16-21,True,3,37.7,13
2019-06-01,16-21,True,4,28.8,9
2019-06-01,16-21,True,5,49.6,17
2019-06-01,22-25,False,1,2869.2,949
2019-06-01,22-25,False,2,2831.6,871
2019-06-01,22-25,False,3,1119.4,344
2019-06-01,22-25,False,4,650.1,221
2019-06-01,22-25,False,5,1150.4,346
2019-06-01,22-25,True,1,232.6,73
2019-06-01,22-25,True,2,640.3,190
2019-06-01,22-25,True,3,894.2,290
2019-06-01,22-25,True,4,902.6,278
2019-06-01,22-25,True,5,1174.9,350
2019-06-01,26-30,False,1,3618.3,1139
2019-06-01,26-30,False,2,2885.7,938
2019-06-01,26-30,False,3,1398.6,450
2019-06-01,26-30,False,4,1208.8,396
2019-06-01,26-30,False,5,1596.2,497
2019-06-01,26-30,True,1,336.6,111
2019-06-01,26-30,True,2,1110.8,349
2019-06-01,26-30,True,3,1968.2,640
2019-06-01,26-30,True,4,2154.7,669
2019-06-01,26-30,True,5,2317.7,704
2019-06-01,31-40,False,1,6223.0,2168
2019-06-01,31-40,False,2,4889.0,1730
2019-06-01,31-40,False,3,2334.7,884
2019-06-01,31-40,False,4,2654.8,955
2019-06-01,31-40,False,5,2959.2,1080
2019-06-01,31-40,True,1,662.8,235
2019-06-01,31-40,True,2,1827.7,648
2019-06-01,31-40,True,3,4048.1,1492
2019-06-01,31-40,True,4,4602.9,1589
2019-06-01,31-40,True,5,4195.4,1421
2019-06-01,41+,False,1,14065.2,5248
2019-06-01,41+,False,2,11601.2,4377
2019-06-01,41+,False,3,6964.6,2779
2019-06-01,41+,False,4,7689.6,3022
2019-06-01,41+,False,5,8318.7,3257
2019-06-01,41+,True,1,1484.5,573
2019-06-01,41+,True,2,3959.5,1462
2019-06-01,41+,True,3,8506.2,3274
2019-06-01,41+,True,4,10403.5,3866
2019-06-01,41+,True,5,8006.9,2888
2019-07-01,16-21,False,1,4202.6,1578
2019-07-01,16-21,False,2,4331.0,1486
2019-07-01,16-21,False,3,1162.1,392
2019-07-01,16-21,False,4,531.2,182
2019-07-01,16-21,False,5,1340.8,440
2019-07-01,16-21,True,1,39.2,10
2019-07-01,16-21,True,2,53.7,17
2019-07-01,16-21,True,3,49.7,16
2019-07-01,16-21,True,4,33.2,9
2019-07-01,16-21,True,5,88.3,26
2019-07-01,22-25,False,1,2820.9,941
2019-07-01,22-25,False,2,2765.0,856
2019-07-01,22-25,False,3,1122.2,343
2019-07-01,22-25,False,4,605.4,206
2019-07-01,22-25,False,5,1154.8,348
2019-07-01,22-25,True,1,254.1,79
2019-07-01,22-25,True,2,737.8,228
2019-07-01,22-25,True,3,967.3,300
2019-07-01,22-25,True,4,915.9,276
2019-07-01,22-25,True,5,1228.0,363
2019-07-01,26-30,False,1,3660.7,1150
2019-07-01,26-30,False,2,2925.0,932
2019-07-01,26-30,False,3,1293.3,421
2019-07-01,26-30,False,4,1227.3,402
2019-07-01,26-30,False,5,1484.6,471
2019-07-01,26-30,True,1,255.6,89
2019-07-01,26-30,True,2,1121.2,353
2019-07-01,26-30,True,3,1891.5,641
2019-07-01,26-30,True,4,2191.6,677
2019-07-01,26-30,True,5,2309.1,714
2019-07-01,31-40,False,1,6293.7,2094
2019-07-01,31-40,False,2,4798.6,1653
2019-07-01,31-40,False,3,2576.0,909
2019-07-01,31-40,False,4,2532.6,895
2019-07-01,31-40,False,5,3035.8,1084
2019-07-01,31-40,True,1,659.6,226
2019-07-01,31-40,True,2,1789.3,621
2019-07-01,31-40,True,3,3838.4,1432
2019-07-01,31-40,True,4,4716.4,1615
2019-07-01,31-40,True,5,4076.4,1375
2019-07-01,41+,False,1,13994.7,5137
2019-07-01,41+,False,2,11350.3,4265
2019-07-01,41+,False,3,6825.1,2689
2019-07-01,41+,False,4,7778.0,3028
2019-07-01,41+,False,5,8573.0,3331
2019-07-01,41+,True,1,1479.7,564
2019-07-01,41+,True,2,4049.4,1500
2019-07-01,41+,True,3,8614.2,3289
2019-07-01,41+,True,4,10207.5,3811
2019-07-01,41+,True,5,8433.1,3008
2019-08-01,16-21,False,1,3853.8,1459
2019-08-01,16-21,False,2,3926.6,1376
2019-08-01,16-21,False,3,1080.2,380
2019-08-01,16-21,False,4,427.8,152
2019-08-01,16-21,False,5,1119.3,382
2019-08-01,16-21,True,1,28.2,8
2019-08-01,16-21,True,2,54.9,15
2019-08-01,16-21,True,3,27.2,10
2019-08-01,16-21,True,4,36.1,11
2019-08-01,16-21,True,5,103.5,31
2019-08-01,22-25,False,1,2766.2,911
2019-08-01,22-25,False,2,2594.1,827
2019-08-01,22-25,False,3,1122.3,364
2019-08-01,22-25,False,4,770.6,244
2019-08-01,22-25,False,5,1316.7,399
2019-08-01,22-25,True,1,247.0,82
2019-08-01,22-25,True,2,622.3,198
2019-08-01,22-25,True,3,953.0,300
2019-08-01,22-25,True,4,836.4,271
2019-08-01,22-25,True,5,1344.8,396
2019-08-01,26-30,False,1,3633.0,1149
2019-08-01,26-30,False,2,2979.8,979
2019-08-01,26-30,False,3,1356.2,464
2019-08-01,26-30,False,4,1254.1,415
2019-08-01,26-30,False,5,1524.1,487
2019-08-01,26-30,True,1,346.4,115
2019-08-01,26-30,True,2,1181.7,387
2019-08-01,26-30,True,3,1938.5,673
2019-08-01,26-30,True,4,1988.8,635
2019-08-01,26-30,True,5,2271.9,737
2019-08-01,31-40,False,1,6193.8,2147
2019-08-01,31-40,False,2,4913.0,1753
2019-08-01,31-40,False,3,2577.0,948
2019-08-01,31-40,False,4,2640.3,968
2019-08-01,31-40,False,5,3089.3,1126
2019-08-01,31-40,True,1,667.8,229
2019-08-01,31-40,True,2,1727.8,634
2019-08-01,31-40,True,3,3957.1,1530
2019-08-01,31-40,True,4,4757.0,1682
2019-08-01,31-40,True,5,4154.0,1417
2019-08-01,41+,False,1,13958.5,5165
2019-08-01,41+,False,2,11635.4,4404
2019-08-01,41+,False,3,6683.8,2713
2019-08-01,41+,False,4,7846.7,3058
2019-08-01,41+,False,5,8630.6,3370
2019-08-01,41+,True,1,1493.4,555
2019-08-01,41+,True,2,4001.9,1515
2019-08-01,41+,True,3,8776.4,3395
2019-08-01,41+,True,4,10321.9,3876
2019-08-01,41+,True,5,8084.9,2930
2019-09-01,16-21,False,1,3469.8,1283
2019-09-01,16-21,False,2,3740.8,1288
2019-09-01,16-21,False,3,989.6,361
2019-09-01,16-21,False,4,480.4,171
2019-09-01,16-21,False,5,1049.0,353
2019-09-01,16-21,True,1,25.0,9
2019-09-01,16-21,True,2,31.3,11
2019-09-01,16-21,True,3,38.0,11
2019-09-01,16-21,True,4,29.3,11
2019-09-01,16-21,True,5,86.9,28
2019-09-01,22-25,False,1,2907.2,943
2019-09-01,22-25,False,2,2567.6,827
2019-09-01,22-25,False,3,1043.4,348
2019-09-01,22-25,False,4,742.5,230
2019-09-01,22-25,False,5,1344.8,400
2019-09-01,22-25,True,1,215.4,73
2019-09-01,22-25,True,2,642.8,194
2019-09-01,22-25,True,3,906.9,293
2019-09-01,22-25,True,4,831.9,269
2019-09-01,22-25,True,5,1223.8,353
2019-09-01,26-30,False,1,3610.2,1126
2019-09-01,26-30,False,2,3007.1,927
2019-09-01,26-30,False,3,1303.4,420
2019-09-01,26-30,False,4,1276.0,405
2019-09-01,26-30,False,5,1498.8,470
2019-09-01,26-30,True,1,397.6,126
2019-09-01,26-30,True,2,1181.4,365
2019-09-01,26-30,True,3,1929.0,652
2019-09-01,26-30,True,4,2183.7,681
2019-09-01,26-30,True,5,2310.8,738
2019-09-01,31-40,False,1,6075.7,2066
2019-09-01,31-40,False,2,5004.6,1749
2019-09-01,31-40,False,3,2686.2,976
2019-09-01,31-40,False,4,2671.4,972
2019-09-01,31-40,False,5,3072.7,1127
2019-09-01,31-40,True,1,635.5,225
2019-09-01,31-40,True,2,1874.6,692
2019-09-01,31-40,True,3,4123.9,1553
2019-09-01,31-40,True,4,4763.6,1694
2019-09-01,31-40,True,5,4259.1,1473
2019-09-01,41+,False,1,13887.3,5118
2019-09-01,41+,False,2,11885.8,4474
2019-09-01,41+,False,3,6826.0,2753
2019-09-01,41+,False,4,7935.6,3095
2019-09-01,41+,False,5,8629.0,3399
2019-09-01,41+,True,1,1513.0,564
2019-09-01,41+,True,2,4109.4,1531
2019-09-01,41+,True,3,8774.2,3403
2019-09-01,41+,True,4,10656.2,3995
2019-09-01,41+,True,5,8029.8,2961
2019-10-01,16-21,False,1,3366.1,1180
2019-10-01,16-21,False,2,3833.9,1286
2019-10-01,16-21,False,3,1019.1,355
2019-10-01,16-21,False,4,603.3,206
2019-10-01,16-21,False,5,1166.7,380
2019-10-01,16-21,True,1,14.6,8
2019-10-01,16-21,True,2,54.9,14
2019-10-01,16-21,True,3,51.5,14
2019-10-01,16-21,True,4,64.0,15
2019-10-01,16-21,True,5,90.6,26
2019-10-01,22-25,False,1,2874.5,884
2019-10-01,22-25,False,2,2660.8,815
2019-10-01,22-25,False,3,1076.1,351
2019-10-01,22-25,False,4,726.3,231
2019-10-01,22-25,False,5,1331.4,406
2019-10-01,22-25,True,1,225.0,68
2019-10-01,22-25,True,2,552.0,168
2019-10-01,22-25,True,3,1029.4,322
2019-10-01,22-25,True,4,806.5,246
2019-10-01,22-25,True,5,1152.4,340
2019-10-01,26-30,False,1,3573.7,1122
2019-10-01,26-30,False,2,3060.3,945
2019-10-01,26-30,False,3,1392.5,447
2019-10-01,26-30,False,4,1235.4,411
2019-10-01,26-30,False,5,1522.0,485
2019-10-01,26-30,True,1,440.6,139
2019-10-01,26-30,True,2,1089.6,354
2019-10-01,26-30,True,3,1955.5,684
2019-10-01,26-30,True,4,2132.6,671
2019-10-01,26-30,True,5,2383.1,751
2019-10-01,31-40,False,1,6066.1,2084
2019-10-01,31-40,False,2,4869.6,1708
2019-10-01,31-40,False,3,2747.8,999
2019-10-01,31-40,False,4,2647.5,953
2019-10-01,31-40,False,5,2937.3,1076
2019-10-01,31-40,True,1,628.1,231
2019-10-01,31-40,True,2,1882.8,694
2019-10-01,31-40,True,3,4175.0,1579
2019-10-01,31-40,True,4,4759.0,1727
2019-10-01,31-40,True,5,4298.8,1498
2019-10-01,41+,False,1,13951.0,5187
2019-10-01,41+,False,2,11776.3,4489
2019-10-01,41+,False,3,6792.2,2740
2019-10-01,41+,False,4,7954.8,3115
2019-10-01,41+,False,5,8538.6,3380
2019-10-01,41+,True,1,1474.1,548
2019-10-01,41+,True,2,3997.0,1538
2019-10-01,41+,True,3,9088.3,3505
2019-10-01,41+,True,4,10930.7,4102
2019-10-01,41+,True,5,8067.3,2948
2019-11-01,16-21,False,1,3442.0,1198
2019-11-01,16-21,False,2,3766.8,1225
2019-11-01,16-21,False,3,1022.2,328
2019-11-01,16-21,False,4,585.8,199
2019-11-01,16-21,False,5,1129.5,370
2019-11-01,16-21,True,1,15.9,8
2019-11-01,16-21,True,2,48.8,14
2019-11-01,16-21,True,3,41.5,11
2019-11-01,16-21,True,4,48.7,14
2019-11-01,16-21,True,5,78.4,21
2019-11-01,22-25,False,1,2802.8,856
2019-11-01,22-25,False,2,2574.5,786
2019-11-01,22-25,False,3,1031.4,327
2019-11-01,22-25,False,4,806.2,249
2019-11-01,22-25,False,5,1199.8,366
2019-11-01,22-25,True,1,197.8,62
2019-11-01,22-25,True,2,605.0,179
2019-11-01,22-25,True,3,964.2,313
2019-11-01,22-25,True,4,874.6,270
2019-11-01,22-25,True,5,1227.0,369
2019-11-01,26-30,False,1,3586.0,1121
2019-11-01,26-30,False,2,3005.9,926
2019-11-01,26-30,False,3,1453.3,460
2019-11-01,26-30,False,4,1277.1,418
2019-11-01,26-30,False,5,1575.3,496
2019-11-01,26-30,True,1,461.5,138
2019-11-01,26-30,True,2,1127.2,360
2019-11-01,26-30,True,3,1970.7,678
2019-11-01,26-30,True,4,2131.0,678
2019-11-01,26-30,True,5,2327.2,719
2019-11-01,31-40,False,1,5978.1,2049
2019-11-01,31-40,False,2,4856.0,1705
2019-11-01,31-40,False,3,2664.3,973
2019-11-01,31-40,False,4,2687.7,972
2019-11-01,31-40,False,5,2866.9,1047
2019-11-01,31-40,True,1,651.4,236
2019-11-01,31-40,True,2,1931.5,709
2019-11-01,31-40,True,3,4239.3,1581
2019-11-01,31-40,True,4,4700.0,1713
2019-11-01,31-40,True,5,4363.0,1486
2019-11-01,41+,False,1,13998.1,5180
2019-11-01,41+,False,2,11760.5,4441
2019-11-01,41+,False,3,6917.6,2770
2019-11-01,41+,False,4,7799.5,3044
2019-11-01,41+,False,5,8324.3,3319
2019-11-01,41+,True,1,1479.2,544
2019-11-01,41+,True,2,4044.2,1530
2019-11-01,41+,True,3,9141.8,3556
2019-11-01,41+,True,4,11060.2,4192
2019-11-01,41+,True,5,8103.3,3000
2019-12-01,16-21,False,1,3328.3,1160
2019-12-01,16-21,False,2,3763.2,1244
2019-12-01,16-21,False,3,1002.6,310
2019-12-01,16-21,False,4,593.5,197
2019-12-01,16-21,False,5,1117.5,367
2019-12-01,16-21,True,1,15.3,6
2019-12-01,16-21,True,2,68.1,15
2019-12-01,16-21,True,3,42.2,12
2019-12-01,16-21,True,4,58.3,18
2019-12-01,16-21,True,5,72.7,19
2019-12-01,22-25,False,1,2827.7,878
2019-12-01,22-25,False,2,2628.1,800
2019-12-01,22-25,False,3,1019.4,326
2019-12-01,22-25,False,4,713.7,216
2019-12-01,22-25,False,5,1107.5,340
2019-12-01,22-25,True,1,182.1,58
2019-12-01,22-25,True,2,749.8,216
2019-12-01,22-25,True,3,924.9,296
2019-12-01,22-25,True,4,939.2,283
2019-12-01,22-25,True,5,1196.0,353
2019-12-01,26-30,False,1,3590.9,1114
2019-12-01,26-30,False,2,2885.5,887
2019-12-01,26-30,False,3,1459.6,449
2019-12-01,26-30,False,4,1334.5,434
2019-12-01,26-30,False,5,1577.9,526
2019-12-01,26-30,True,1,433.6,132
2019-12-01,26-30,True,2,1116.2,346
2019-12-01,26-30,True,3,1960.2,662
2019-12-01,26-30,True,4,2058.8,655
2019-12-01,26-30,True,5,2209.4,689
2019-12-01,31-40,False,1,6099.0,2080
2019-12-01,31-40,False,2,4827.2,1688
2019-12-01,31-40,False,3,2679.7,995
2019-12-01,31-40,False,4,2607.4,938
2019-12-01,31-40,False,5,2992.4,1085
2019-12-01,31-40,True,1,616.1,220
2019-12-01,31-40,True,2,1967.5,717
2019-12-01,31-40,True,3,4199.3,1570
2019-12-01,31-40,True,4,4871.6,1771
2019-12-01,31-40,True,5,4343.9,1518
2019-12-01,41+,False,1,13429.0,4990
2019-12-01,41+,False,2,11769.7,4450
2019-12-01,41+,False,3,6883.2,2765
2019-12-01,41+,False,4,7760.6,3054
2019-12-01,41+,False,5,8464.9,3353
2019-12-01,41+,True,1,1429.2,518
2019-12-01,41+,True,2,4158.7,1548
2019-12-01,41+,True,3,9129.7,3497
2019-12-01,41+,True,4,11138.4,4193
2019-12-01,41+,True,5,8159.6,2978
2020-01-01,16-21,False,1,3157.2,1077
2020-01-01,16-21,False,2,3655.9,1208
2020-01-01,16-21,False,3,1000.0,317
2020-01-01,16-21,False,4,483.5,160
2020-01-01,16-21,False,5,1203.0,390
2020-01-01,16-21,True,1,12.4,3
2020-01-01,16-21,True,2,70.2,19
2020-01-01,16-21,True,3,18.3,7
2020-01-01,16-21,True,4,37.3,15
2020-01-01,16-21,True,5,76.1,21
2020-01-01,22-25,False,1,2756.3,845
2020-01-01,22-25,False,2,2573.2,804
2020-01-01,22-25,False,3,1039.4,322
2020-01-01,22-25,False,4,653.7,207
2020-01-01,22-25,False,5,1190.2,364
2020-01-01,22-25,True,1,207.9,69
2020-01-01,22-25,True,2,607.1,187
2020-01-01,22-25,True,3,951.8,297
2020-01-01,22-25,True,4,967.9,290
2020-01-01,22-25,True,5,1354.0,400
2020-01-01,26-30,False,1,3299.1,1023
2020-01-01,26-30,False,2,2960.9,917
2020-01-01,26-30,False,3,1452.1,445
2020-01-01,26-30,False,4,1174.7,371
2020-01-01,26-30,False,5,1773.5,552
2020-01-01,26-30,True,1,422.1,120
2020-01-01,26-30,True,2,1174.8,346
2020-01-01,26-30,True,3,1957.2,666
2020-01-01,26-30,True,4,1937.3,619
2020-01-01,26-30,True,5,2241.0,687
2020-01-01,31-40,False,1,5878.8,1985
2020-01-01,31-40,False,2,4945.4,1709
2020-01-01,31-40,False,3,2384.1,902
2020-01-01,31-40,False,4,2612.5,950
2020-01-01,31-40,False,5,3056.1,1099
2020-01-01,31-40,True,1,580.4,202
2020-01-01,31-40,True,2,2063.5,732
2020-01-01,31-40,True,3,3947.9,1467
2020-01-01,31-40,True,4,4772.5,1706
2020-01-01,31-40,True,5,4599.5,1585
2020-01-01,41+,False,1,12913.9,4816
2020-01-01,41+,False,2,12096.6,4595
2020-01-01,41+,False,3,6471.4,2601
2020-01-01,41+,False,4,7441.1,2909
2020-01-01,41+,False,5,8842.5,3446
2020-01-01,41+,True,1,1524.1,553
2020-01-01,41+,True,2,4271.6,1555
2020-01-01,41+,True,3,9131.4,3503
2020-01-01,41+,True,4,10582.7,3910
2020-01-01,41+,True,5,8470.1,3091
2020-02-01,16-21,False,1,3271.1,1110
2020-02-01,16-21,False,2,3701.5,1224
2020-02-01,16-21,False,3,1024.2,326
2020-02-01,16-21,False,4,430.3,147
2020-02-01,16-21,False,5,1190.6,398
2020-02-01,16-21,True,1,32.5,7
2020-02-01,16-21,True,2,83.3,25
2020-02-01,16-21,True,3,30.6,10
2020-02-01,16-21,True,4,25.6,14
2020-02-01,16-21,True,5,78.8,21
2020-02-01,22-25,False,1,2700.2,872
2020-02-01,22-25,False,2,2707.2,846
2020-02-01,22-25,False,3,969.2,312
2020-02-01,22-25,False,4,741.2,233
2020-02-01,22-25,False,5,1260.6,388
2020-02-01,22-25,True,1,241.9,78
2020-02-01,22-25,True,2,717.7,220
2020-02-01,22-25,True,3,965.2,330
2020-02-01,22-25,True,4,991.1,309
2020-02-01,22-25,True,5,1458.5,438
2020-02-01,26-30,False,1,3344.6,1064
2020-02-01,26-30,False,2,2947.8,950
2020-02-01,26-30,False,3,1392.4,428
2020-02-01,26-30,False,4,1154.5,377
2020-02-01,26-30,False,5,1640.3,522
2020-02-01,26-30,True,1,314.9,101
2020-02-01,26-30,True,2,1113.9,330
2020-02-01,26-30,True,3,2006.8,679
2020-02-01,26-30,True,4,2015.7,639
2020-02-01,26-30,True,5,2303.2,736
2020-02-01,31-40,False,1,5875.3,1988
2020-02-01,31-40,False,2,4842.4,1714
2020-02-01,31-40,False,3,2439.5,911
2020-02-01,31-40,False,4,2714.3,955
2020-02-01,31-40,False,5,3082.0,1103
2020-02-01,31-40,True,1,657.6,235
2020-02-01,31-40,True,2,2131.5,767
2020-02-01,31-40,True,3,3939.7,1482
2020-02-01,31-40,True,4,4726.5,1702
2020-02-01,31-40,True,5,4686.6,1631
2020-02-01,41+,False,1,13319.4,4973
2020-02-01,41+,False,2,11814.8,4539
2020-02-01,41+,False,3,6412.2,2561
2020-02-01,41+,False,4,7496.7,2953
2020-02-01,41+,False,5,8914.7,3451
2020-02-01,41+,True,1,1493.5,550
2020-02-01,41+,True,2,4291.3,1565
2020-02-01,41+,True,3,9161.8,3520
2020-02-01,41+,True,4,10744.4,4006
2020-02-01,41+,True,5,8417.8,3086
2020-03-01,16-21,False,1,2880.9,837
2020-03-01,16-21,False,2,3577.6,1020
2020-03-01,16-21,False,3,1062.5,296
2020-03-01,16-21,False,4,361.2,112
2020-03-01,16-21,False,5,1171.5,339
2020-03-01,16-21,True,1,30.7,6
2020-03-01,16-21,True,2,31.4,10
2020-03-01,16-21,True,3,26.9,11
2020-03-01,16-21,True,4,38.4,11
2020-03-01,16-21,True,5,35.7,12
2020-03-01,22-25,False,1,2486.9,670
2020-03-01,22-25,False,2,2737.5,737
2020-03-01,22-25,False,3,955.9,266
2020-03-01,22-25,False,4,693.1,199
2020-03-01,22-25,False,5,1184.2,311
2020-03-01,22-25,True,1,245.2,70
2020-03-01,22-25,True,2,701.0,179
2020-03-01,22-25,True,3,989.6,299
2020-03-01,22-25,True,4,1040.5,260
2020-03-01,22-25,True,5,1437.9,361
2020-03-01,26-30,False,1,3070.3,833
2020-03-01,26-30,False,2,2798.8,769
2020-03-01,26-30,False,3,1304.4,348
2020-03-01,26-30,False,4,1140.9,323
2020-03-01,26-30,False,5,1566.2,424
2020-03-01,26-30,True,1,281.4,85
2020-03-01,26-30,True,2,1106.8,292
2020-03-01,26-30,True,3,2072.6,605
2020-03-01,26-30,True,4,1946.8,535
2020-03-01,26-30,True,5,2435.4,655
2020-03-01,31-40,False,1,5610.9,1672
2020-03-01,31-40,False,2,4813.7,1457
2020-03-01,31-40,False,3,2321.6,787
2020-03-01,31-40,False,4,2582.8,809
2020-03-01,31-40,False,5,3045.3,949
2020-03-01,31-40,True,1,618.7,201
2020-03-01,31-40,True,2,2235.1,697
2020-03-01,31-40,True,3,3935.7,1329
2020-03-01,31-40,True,4,4712.7,1492
2020-03-01,31-40,True,5,4782.5,1444
2020-03-01,41+,False,1,13148.6,4316
2020-03-01,41+,False,2,11559.6,3974
2020-03-01,41+,False,3,6117.7,2283
2020-03-01,41+,False,4,7481.5,2632
2020-03-01,41+,False,5,8992.1,3155
2020-03-01,41+,True,1,1548.7,501
2020-03-01,41+,True,2,4203.7,1407
2020-03-01,41+,True,3,9116.0,3162
2020-03-01,41+,True,4,10699.3,3601
2020-03-01,41+,True,5,8229.0,2727
2020-04-01,16-21,False,1,2133.7,637
2020-04-01,16-21,False,2,2301.2,637
2020-04-01,16-21,False,3,636.9,166
2020-04-01,16-21,False,4,270.1,82
2020-04-01,16-21,False,5,862.3,243
2020-04-01,16-21,True,1,12.5,2
2020-04-01,16-21,True,2,21.8,6
2020-04-01,16-21,True,3,14.5,2
2020-04-01,16-21,True,4,32.6,10
2020-04-01,16-21,True,5,22.1,8
2020-04-01,22-25,False,1,1693.1,478
2020-04-01,22-25,False,2,1967.3,508
2020-04-01,22-25,False,3,806.0,203
2020-04-01,22-25,False,4,555.9,148
2020-04-01,22-25,False,5,954.1,237
2020-04-01,22-25,True,1,182.5,48
2020-04-01,22-25,True,2,462.6,117
2020-04-01,22-25,True,3,876.1,240
2020-04-01,22-25,True,4,965.1,231
2020-04-01,22-25,True,5,1274.7,313
2020-04-01,26-30,False,1,2419.4,655
2020-04-01,26-30,False,2,2092.8,570
2020-04-01,26-30,False,3,1026.6,276
2020-04-01,26-30,False,4,1128.1,291
2020-04-01,26-30,False,5,1537.5,385
2020-04-01,26-30,True,1,217.9,71
2020-04-01,26-30,True,2,910.5,231
2020-04-01,26-30,True,3,1909.9,529
2020-04-01,26-30,True,4,1835.7,491
2020-04-01,26-30,True,5,2261.9,590
2020-04-01,31-40,False,1,4193.6,1257
2020-04-01,31-40,False,2,4022.6,1173
2020-04-01,31-40,False,3,1964.6,631
2020-04-01,31-40,False,4,2523.3,737
2020-04-01,31-40,False,5,2587.2,810
2020-04-01,31-40,True,1,498.4,162
2020-04-01,31-40,True,2,1851.2,566
2020-04-01,31-40,True,3,3835.0,1224
2020-04-01,31-40,True,4,4424.2,1318
2020-04-01,31-40,True,5,4616.4,1328
2020-04-01,41+,False,1,10448.3,3424
2020-04-01,41+,False,2,9399.0,3170
2020-04-01,41+,False,3,5359.9,1947
2020-04-01,41+,False,4,6975.8,2388
2020-04-01,41+,False,5,7763.7,2682
2020-04-01,41+,True,1,1261.2,412
2020-04-01,41+,True,2,3463.0,1151
2020-04-01,41+,True,3,8308.3,2853
2020-04-01,41+,True,4,10363.7,3424
2020-04-01,41+,True,5,8081.0,2603
2020-05-01,16-21,False,1,2633.7,739
2020-05-01,16-21,False,2,2596.6,682
2020-05-01,16-21,False,3,661.4,175
2020-05-01,16-21,False,4,318.9,82
2020-05-01,16-21,False,5,812.7,219
2020-05-01,16-21,True,1,15.3,5
2020-05-01,16-21,True,2,52.9,12
2020-05-01,16-21,True,3,35.7,6
2020-05-01,16-21,True,4,39.5,10
2020-05-01,16-21,True,5,46.5,13
2020-05-01,22-25,False,1,2052.8,508
2020-05-01,22-25,False,2,2075.8,505
2020-05-01,22-25,False,3,799.0,197
2020-05-01,22-25,False,4,591.9,146
2020-05-01,22-25,False,5,941.9,223
2020-05-01,22-25,True,1,153.2,38
2020-05-01,22-25,True,2,511.0,127
2020-05-01,22-25,True,3,904.2,237
2020-05-01,22-25,True,4,889.4,201
2020-05-01,22-25,True,5,1150.0,276
2020-05-01,26-30,False,1,2695.7,676
2020-05-01,26-30,False,2,2108.1,552
2020-05-01,26-30,False,3,1058.2,276
2020-05-01,26-30,False,4,1083.6,275
2020-05-01,26-30,False,5,1482.5,350
2020-05-01,26-30,True,1,327.2,85
2020-05-01,26-30,True,2,867.6,211
2020-05-01,26-30,True,3,1892.9,492
2020-05-01,26-30,True,4,1998.3,512
2020-05-01,26-30,True,5,2247.9,548
2020-05-01,31-40,False,1,4403.7,1235
2020-05-01,31-40,False,2,4057.1,1136
2020-05-01,31-40,False,3,2077.4,625
2020-05-01,31-40,False,4,2464.3,709
2020-05-01,31-40,False,5,2816.7,804
2020-05-01,31-40,True,1,550.3,166
2020-05-01,31-40,True,2,1921.8,552
2020-05-01,31-40,True,3,4025.7,1228
2020-05-01,31-40,True,4,4321.3,1272
2020-05-01,31-40,True,5,4697.6,1330
2020-05-01,41+,False,1,10542.3,3366
2020-05-01,41+,False,2,9703.5,3173
2020-05-01,41+,False,3,6002.8,2030
2020-05-01,41+,False,4,7235.5,2396
2020-05-01,41+,False,5,7719.1,2566
2020-05-01,41+,True,1,1355.2,425
2020-05-01,41+,True,2,3519.4,1139
2020-05-01,41+,True,3,8401.1,2795
2020-05-01,41+,True,4,10400.9,3388
2020-05-01,41+,True,5,8200.8,2589
2020-06-01,16-21,False,1,3303.4,870
2020-06-01,16-21,False,2,3262.9,834
2020-06-01,16-21,False,3,908.5,229
2020-06-01,16-21,False,4,346.8,86
2020-06-01,16-21,False,5,1037.6,251
2020-06-01,16-21,True,1,18.2,4
2020-06-01,16-21,True,2,63.1,14
2020-06-01,16-21,True,3,30.3,7
2020-06-01,16-21,True,4,53.0,10
2020-06-01,16-21,True,5,53.2,14
2020-06-01,22-25,False,1,2101.4,479
2020-06-01,22-25,False,2,2253.7,519
2020-06-01,22-25,False,3,931.1,210
2020-06-01,22-25,False,4,600.7,149
2020-06-01,22-25,False,5,955.6,203
2020-06-01,22-25,True,1,221.3,46
2020-06-01,22-25,True,2,574.3,128
2020-06-01,22-25,True,3,823.9,186
2020-06-01,22-25,True,4,788.3,169
2020-06-01,22-25,True,5,1213.2,259
2020-06-01,26-30,False,1,2658.2,608
2020-06-01,26-30,False,2,2170.9,519
2020-06-01,26-30,False,3,1304.5,306
2020-06-01,26-30,False,4,1064.0,247
2020-06-01,26-30,False,5,1541.3,346
2020-06-01,26-30,True,1,308.2,77
2020-06-01,26-30,True,2,1016.3,237
2020-06-01,26-30,True,3,1964.8,471
2020-06-01,26-30,True,4,1917.3,453
2020-06-01,26-30,True,5,2244.4,515
2020-06-01,31-40,False,1,4617.3,1240
2020-06-01,31-40,False,2,3979.7,1073
2020-06-01,31-40,False,3,2216.9,632
2020-06-01,31-40,False,4,2580.6,697
2020-06-01,31-40,False,5,2798.8,777
2020-06-01,31-40,True,1,580.0,160
2020-06-01,31-40,True,2,2000.2,550
2020-06-01,31-40,True,3,4050.9,1187
2020-06-01,31-40,True,4,4525.4,1261
2020-06-01,31-40,True,5,4716.7,1261
2020-06-01,41+,False,1,11399.1,3428
2020-06-01,41+,False,2,9747.9,3099
2020-06-01,41+,False,3,6109.8,2010
2020-06-01,41+,False,4,7397.8,2377
2020-06-01,41+,False,5,7867.0,2532
2020-06-01,41+,True,1,1380.5,423
2020-06-01,41+,True,2,3605.5,1124
2020-06-01,41+,True,3,8500.7,2669
2020-06-01,41+,True,4,10735.6,3306
2020-06-01,41+,True,5,8270.3,2494
2020-07-01,16-21,False,1,3244.1,930
2020-07-01,16-21,False,2,3902.8,1051
2020-07-01,16-21,False,3,1014.2,264
2020-07-01,16-21,False,4,434.3,110
2020-07-01,16-21,False,5,1057.4,286
2020-07-01,16-21,True,1,17.5,5
2020-07-01,16-21,True,2,51.5,13
2020-07-01,16-21,True,3,63.5,16
2020-07-01,16-21,True,4,46.6,10
2020-07-01,16-21,True,5,45.5,11
2020-07-01,22-25,False,1,2176.1,514
2020-07-01,22-25,False,2,2112.2,530
2020-07-01,22-25,False,3,910.7,208
2020-07-01,22-25,False,4,666.5,162
2020-07-01,22-25,False,5,976.9,229
2020-07-01,22-25,True,1,274.1,71
2020-07-01,22-25,True,2,581.7,143
2020-07-01,22-25,True,3,833.0,193
2020-07-01,22-25,True,4,751.8,167
2020-07-01,22-25,True,5,1275.9,293
2020-07-01,26-30,False,1,2631.0,643
2020-07-01,26-30,False,2,2444.8,570
2020-07-01,26-30,False,3,1148.7,299
2020-07-01,26-30,False,4,1107.7,271
2020-07-01,26-30,False,5,1553.7,369
2020-07-01,26-30,True,1,305.1,71
2020-07-01,26-30,True,2,996.7,247
2020-07-01,26-30,True,3,1832.8,464
2020-07-01,26-30,True,4,1844.9,445
2020-07-01,26-30,True,5,2247.8,547
2020-07-01,31-40,False,1,4755.9,1305
2020-07-01,31-40,False,2,4281.9,1171
2020-07-01,31-40,False,3,2256.6,649
2020-07-01,31-40,False,4,2405.7,701
2020-07-01,31-40,False,5,2808.2,793
2020-07-01,31-40,True,1,728.2,200
2020-07-01,31-40,True,2,1848.3,525
2020-07-01,31-40,True,3,4103.5,1232
2020-07-01,31-40,True,4,4633.4,1327
2020-07-01,31-40,True,5,4548.5,1273
2020-07-01,41+,False,1,11583.1,3602
2020-07-01,41+,False,2,10051.6,3127
2020-07-01,41+,False,3,5746.5,1957
2020-07-01,41+,False,4,7443.5,2444
2020-07-01,41+,False,5,8017.5,2604
2020-07-01,41+,True,1,1452.3,470
2020-07-01,41+,True,2,3722.2,1175
2020-07-01,41+,True,3,8568.4,2729
2020-07-01,41+,True,4,10689.7,3350
2020-07-01,41+,True,5,8297.8,2551
2020-08-01,16-21,False,1,3273.9,998
2020-08-01,16-21,False,2,3635.1,1022
2020-08-01,16-21,False,3,942.9,269
2020-08-01,16-21,False,4,392.4,105
2020-08-01,16-21,False,5,1071.9,282
2020-08-01,16-21,True,1,33.1,8
2020-08-01,16-21,True,2,48.1,13
2020-08-01,16-21,True,3,48.6,12
2020-08-01,16-21,True,4,43.6,9
2020-08-01,16-21,True,5,64.7,15
2020-08-01,22-25,False,1,2189.0,559
2020-08-01,22-25,False,2,2343.9,590
2020-08-01,22-25,False,3,944.9,222
2020-08-01,22-25,False,4,646.5,165
2020-08-01,22-25,False,5,979.3,245
2020-08-01,22-25,True,1,308.2,76
2020-08-01,22-25,True,2,575.3,143
2020-08-01,22-25,True,3,829.9,211
2020-08-01,22-25,True,4,756.4,179
2020-08-01,22-25,True,5,1510.0,349
2020-08-01,26-30,False,1,2750.6,713
2020-08-01,26-30,False,2,2361.3,605
2020-08-01,26-30,False,3,1231.7,334
2020-08-01,26-30,False,4,1186.3,297
2020-08-01,26-30,False,5,1487.7,376
2020-08-01,26-30,True,1,319.1,83
2020-08-01,26-30,True,2,1082.9,269
2020-08-01,26-30,True,3,1909.6,519
2020-08-01,26-30,True,4,1798.9,453
2020-08-01,26-30,True,5,2294.9,588
2020-08-01,31-40,False,1,5115.8,1457
2020-08-01,31-40,False,2,4276.0,1260
2020-08-01,31-40,False,3,2322.9,713
2020-08-01,31-40,False,4,2470.3,773
2020-08-01,31-40,False,5,2958.8,875
2020-08-01,31-40,True,1,624.0,198
2020-08-01,31-40,True,2,1920.4,575
2020-08-01,31-40,True,3,3997.4,1257
2020-08-01,31-40,True,4,4675.6,1404
2020-08-01,31-40,True,5,4661.5,1331
2020-08-01,41+,False,1,12007.6,3827
2020-08-01,41+,False,2,10226.2,3349
2020-08-01,41+,False,3,6015.9,2105
2020-08-01,41+,False,4,7302.7,2493
2020-08-01,41+,False,5,8254.9,2788
2020-08-01,41+,True,1,1514.8,492
2020-08-01,41+,True,2,3768.1,1259
2020-08-01,41+,True,3,8640.8,2860
2020-08-01,41+,True,4,10809.4,3510
2020-08-01,41+,True,5,8600.4,2723
2020-09-01,16-21,False,1,3061.8,1066
2020-09-01,16-21,False,2,3480.3,1142
2020-09-01,16-21,False,3,856.0,287
2020-09-01,16-21,False,4,385.8,127
2020-09-01,16-21,False,5,1054.4,315
2020-09-01,16-21,True,1,15.4,5
2020-09-01,16-21,True,2,71.1,19
2020-09-01,16-21,True,3,37.4,15
2020-09-01,16-21,True,4,44.1,13
2020-09-01,16-21,True,5,55.2,13
2020-09-01,22-25,False,1,2427.3,729
2020-09-01,22-25,False,2,2335.4,687
2020-09-01,22-25,False,3,926.7,283
2020-09-01,22-25,False,4,704.3,206
2020-09-01,22-25,False,5,966.5,298
2020-09-01,22-25,True,1,242.3,67
2020-09-01,22-25,True,2,617.5,167
2020-09-01,22-25,True,3,1056.2,296
2020-09-01,22-25,True,4,699.6,214
2020-09-01,22-25,True,5,1511.5,402
2020-09-01,26-30,False,1,2987.3,899
2020-09-01,26-30,False,2,2511.7,748
2020-09-01,26-30,False,3,1142.8,353
2020-09-01,26-30,False,4,1087.2,324
2020-09-01,26-30,False,5,1507.1,446
2020-09-01,26-30,True,1,325.0,97
2020-09-01,26-30,True,2,1142.9,325
2020-09-01,26-30,True,3,2022.4,605
2020-09-01,26-30,True,4,1868.9,547
2020-09-01,26-30,True,5,2228.6,656
2020-09-01,31-40,False,1,5371.6,1745
2020-09-01,31-40,False,2,4458.2,1448
2020-09-01,31-40,False,3,2357.3,841
2020-09-01,31-40,False,4,2690.5,927
2020-09-01,31-40,False,5,2822.0,950
2020-09-01,31-40,True,1,649.1,211
2020-09-01,31-40,True,2,1858.9,620
2020-09-01,31-40,True,3,3998.1,1393
2020-09-01,31-40,True,4,4568.4,1499
2020-09-01,31-40,True,5,4354.0,1382
2020-09-01,41+,False,1,12616.1,4449
2020-09-01,41+,False,2,10646.9,3888
2020-09-01,41+,False,3,6043.6,2346
2020-09-01,41+,False,4,7315.9,2741
2020-09-01,41+,False,5,8041.2,2980
2020-09-01,41+,True,1,1477.4,538
2020-09-01,41+,True,2,3934.3,1407
2020-09-01,41+,True,3,8651.3,3101
2020-09-01,41+,True,4,10552.0,3750
2020-09-01,41+,True,5,8016.6,2736
2020-10-01,16-21,False,1,3400.9,1204
2020-10-01,16-21,False,2,3725.2,1221
2020-10-01,16-21,False,3,872.2,303
2020-10-01,16-21,False,4,377.3,113
2020-10-01,16-21,False,5,1163.1,340
2020-10-01,16-21,True,1,9.5,3
2020-10-01,16-21,True,2,44.8,15
2020-10-01,16-21,True,3,62.1,19
2020-10-01,16-21,True,4,30.3,7
2020-10-01,16-21,True,5,79.6,22
2020-10-01,22-25,False,1,2436.3,774
2020-10-01,22-25,False,2,2373.6,705
2020-10-01,22-25,False,3,947.1,296
2020-10-01,22-25,False,4,745.8,222
2020-10-01,22-25,False,5,1108.9,341
2020-10-01,22-25,True,1,231.6,69
2020-10-01,22-25,True,2,613.0,185
2020-10-01,22-25,True,3,1028.3,320
2020-10-01,22-25,True,4,616.3,186
2020-10-01,22-25,True,5,1427.5,409
2020-10-01,26-30,False,1,2940.1,954
2020-10-01,26-30,False,2,2697.8,836
2020-10-01,26-30,False,3,1246.0,381
2020-10-01,26-30,False,4,1141.7,361
2020-10-01,26-30,False,5,1617.8,498
2020-10-01,26-30,True,1,417.4,126
2020-10-01,26-30,True,2,1075.2,323
2020-10-01,26-30,True,3,2057.7,643
2020-10-01,26-30,True,4,2006.2,612
2020-10-01,26-30,True,5,2363.3,719
2020-10-01,31-40,False,1,5594.5,1825
2020-10-01,31-40,False,2,4583.8,1533
2020-10-01,31-40,False,3,2243.5,836
2020-10-01,31-40,False,4,2669.4,937
2020-10-01,31-40,False,5,2928.7,1001
2020-10-01,31-40,True,1,654.2,210
2020-10-01,31-40,True,2,1782.6,619
2020-10-01,31-40,True,3,4036.4,1438
2020-10-01,31-40,True,4,4604.0,1582
2020-10-01,31-40,True,5,4305.4,1428
2020-10-01,41+,False,1,12880.4,4638
2020-10-01,41+,False,2,10876.8,4017
2020-10-01,41+,False,3,6335.0,2470
2020-10-01,41+,False,4,7231.6,2721
2020-10-01,41+,False,5,8205.3,3075
2020-10-01,41+,True,1,1440.2,503
2020-10-01,41+,True,2,3954.7,1421
2020-10-01,41+,True,3,8761.8,3208
2020-10-01,41+,True,4,10475.6,3800
2020-10-01,41+,True,5,8012.9,2828
2020-11-01,16-21,False,1,3390.9,1152
2020-11-01,16-21,False,2,3541.0,1155
2020-11-01,16-21,False,3,961.8,314
2020-11-01,16-21,False,4,377.5,118
2020-11-01,16-21,False,5,1154.6,348
2020-11-01,16-21,True,1,13.7,7
2020-11-01,16-21,True,2,33.7,11
2020-11-01,16-21,True,3,39.1,13
2020-11-01,16-21,True,4,26.1,7
2020-11-01,16-21,True,5,79.4,22
2020-11-01,22-25,False,1,2433.3,753
2020-11-01,22-25,False,2,2259.6,683
2020-11-01,22-25,False,3,908.0,267
2020-11-01,22-25,False,4,718.0,218
2020-11-01,22-25,False,5,1128.2,332
2020-11-01,22-25,True,1,233.6,68
2020-11-01,22-25,True,2,580.7,165
2020-11-01,22-25,True,3,980.8,305
2020-11-01,22-25,True,4,690.1,198
2020-11-01,22-25,True,5,1375.7,405
2020-11-01,26-30,False,1,2886.5,900
2020-11-01,26-30,False,2,2756.0,857
2020-11-01,26-30,False,3,1188.2,374
2020-11-01,26-30,False,4,1227.5,374
2020-11-01,26-30,False,5,1573.4,472
2020-11-01,26-30,True,1,387.7,110
2020-11-01,26-30,True,2,1164.0,347
2020-11-01,26-30,True,3,1937.3,611
2020-11-01,26-30,True,4,1997.0,606
2020-11-01,26-30,True,5,2303.1,691
2020-11-01,31-40,False,1,5693.3,1817
2020-11-01,31-40,False,2,4530.7,1514
2020-11-01,31-40,False,3,2362.3,828
2020-11-01,31-40,False,4,2643.8,892
2020-11-01,31-40,False,5,2803.1,974
2020-11-01,31-40,True,1,666.9,212
2020-11-01,31-40,True,2,1862.8,650
2020-11-01,31-40,True,3,3991.2,1375
2020-11-01,31-40,True,4,4565.0,1543
2020-11-01,31-40,True,5,4406.0,1441
2020-11-01,41+,False,1,12788.8,4445
2020-11-01,41+,False,2,10972.4,3987
2020-11-01,41+,False,3,6200.9,2348
2020-11-01,41+,False,4,7449.2,2772
2020-11-01,41+,False,5,8119.0,3043
2020-11-01,41+,True,1,1477.6,496
2020-11-01,41+,True,2,4034.2,1433
2020-11-01,41+,True,3,8731.3,3132
2020-11-01,41+,True,4,10420.7,3745
2020-11-01,41+,True,5,8137.8,2831
2020-12-01,16-21,False,1,3202.9,1056
2020-12-01,16-21,False,2,3431.5,1099
2020-12-01,16-21,False,3,990.7,319
2020-12-01,16-21,False,4,393.8,121
2020-12-01,16-21,False,5,1157.4,346
2020-12-01,16-21,True,1,16.6,7
2020-12-01,16-21,True,2,57.7,17
2020-12-01,16-21,True,3,33.0,10
2020-12-01,16-21,True,4,25.9,6
2020-12-01,16-21,True,5,77.1,17
2020-12-01,22-25,False,1,2568.8,747
2020-12-01,22-25,False,2,2162.7,640
2020-12-01,22-25,False,3,933.7,276
2020-12-01,22-25,False,4,680.9,204
2020-12-01,22-25,False,5,1108.2,311
2020-12-01,22-25,True,1,292.8,79
2020-12-01,22-25,True,2,554.2,149
2020-12-01,22-25,True,3,973.6,290
2020-12-01,22-25,True,4,677.1,187
2020-12-01,22-25,True,5,1282.1,369
2020-12-01,26-30,False,1,2821.3,879
2020-12-01,26-30,False,2,2670.4,796
2020-12-01,26-30,False,3,1172.7,353
2020-12-01,26-30,False,4,1198.6,349
2020-12-01,26-30,False,5,1574.7,460
2020-12-01,26-30,True,1,333.3,97
2020-12-01,26-30,True,2,1211.0,346
2020-12-01,26-30,True,3,2057.7,623
2020-12-01,26-30,True,4,1951.5,575
2020-12-01,26-30,True,5,2547.9,714
2020-12-01,31-40,False,1,5563.0,1735
2020-12-01,31-40,False,2,4522.2,1458
2020-12-01,31-40,False,3,2447.5,824
2020-12-01,31-40,False,4,2362.3,789
2020-12-01,31-40,False,5,2966.2,966
2020-12-01,31-40,True,1,588.0,186
2020-12-01,31-40,True,2,1887.0,644
2020-12-01,31-40,True,3,3890.4,1340
2020-12-01,31-40,True,4,4724.7,1535
2020-12-01,31-40,True,5,4552.5,1418
2020-12-01,41+,False,1,12490.0,4172
2020-12-01,41+,False,2,10750.5,3736
2020-12-01,41+,False,3,6178.7,2286
2020-12-01,41+,False,4,7197.3,2634
2020-12-01,41+,False,5,8235.1,2971
2020-12-01,41+,True,1,1357.0,448
2020-12-01,41+,True,2,4104.8,1399
2020-12-01,41+,True,3,8773.5,3082
2020-12-01,41+,True,4,10558.7,3663
2020-12-01,41+,True,5,8303.6,2760
2021-01-01,16-21,False,1,3215.0,1059
2021-01-01,16-21,False,2,3404.7,1106
2021-01-01,16-21,False,3,871.2,291
2021-01-01,16-21,False,4,443.1,152
2021-01-01,16-21,False,5,1095.4,345
2021-01-01,16-21,True,1,13.3,5
2021-01-01,16-21,True,2,64.5,17
2021-01-01,16-21,True,3,36.7,12
2021-01-01,16-21,True,4,30.8,7
2021-01-01,16-21,True,5,78.0,19
2021-01-01,22-25,False,1,2418.1,739
2021-01-01,22-25,False,2,2156.5,651
2021-01-01,22-25,False,3,910.2,285
2021-01-01,22-25,False,4,682.6,216
2021-01-01,22-25,False,5,1087.4,313
2021-01-01,22-25,True,1,238.5,67
2021-01-01,22-25,True,2,589.3,165
2021-01-01,22-25,True,3,1041.4,308
2021-01-01,22-25,True,4,758.8,221
2021-01-01,22-25,True,5,1229.7,369
2021-01-01,26-30,False,1,2887.0,893
2021-01-01,26-30,False,2,2439.7,737
2021-01-01,26-30,False,3,1179.1,360
2021-01-01,26-30,False,4,1221.4,368
2021-01-01,26-30,False,5,1530.6,461
2021-01-01,26-30,True,1,353.6,106
2021-01-01,26-30,True,2,1199.4,360
2021-01-01,26-30,True,3,2045.4,643
2021-01-01,26-30,True,4,1872.2,546
2021-01-01,26-30,True,5,2346.6,681
2021-01-01,31-40,False,1,5557.4,1791
2021-01-01,31-40,False,2,4562.4,1492
2021-01-01,31-40,False,3,2371.1,814
2021-01-01,31-40,False,4,2404.3,819
2021-01-01,31-40,False,5,2903.3,979
2021-01-01,31-40,True,1,575.2,198
2021-01-01,31-40,True,2,1946.1,679
2021-01-01,31-40,True,3,3769.5,1341
2021-01-01,31-40,True,4,4834.3,1628
2021-01-01,31-40,True,5,4609.6,1498
2021-01-01,41+,False,1,12099.9,4200
2021-01-01,41+,False,2,10740.6,3792
2021-01-01,41+,False,3,6123.6,2316
2021-01-01,41+,False,4,7191.6,2638
2021-01-01,41+,False,5,8069.7,2970
2021-01-01,41+,True,1,1419.6,463
2021-01-01,41+,True,2,4082.7,1397
2021-01-01,41+,True,3,8657.1,3089
2021-01-01,41+,True,4,10617.1,3702
2021-01-01,41+,True,5,8407.6,2848
2021-02-01,16-21,False,1,3152.8,990
2021-02-01,16-21,False,2,3405.8,1056
2021-02-01,16-21,False,3,897.8,290
2021-02-01,16-21,False,4,446.3,144
2021-02-01,16-21,False,5,1114.3,347
2021-02-01,16-21,True,1,20.7,11
2021-02-01,16-21,True,2,71.4,17
2021-02-01,16-21,True,3,57.1,16
2021-02-01,16-21,True,4,31.0,8
2021-02-01,16-21,True,5,76.3,19
2021-02-01,22-25,False,1,2509.7,747
2021-02-01,22-25,False,2,2226.1,665
2021-02-01,22-25,False,3,908.7,267
2021-02-01,22-25,False,4,634.4,193
2021-02-01,22-25,False,5,1140.1,318
2021-02-01,22-25,True,1,244.7,68
2021-02-01,22-25,True,2,717.3,197
2021-02-01,22-25,True,3,1048.2,309
2021-02-01,22-25,True,4,882.4,251
2021-02-01,22-25,True,5,1265.9,368
2021-02-01,26-30,False,1,2961.8,892
2021-02-01,26-30,False,2,2511.0,754
2021-02-01,26-30,False,3,1266.8,383
2021-02-01,26-30,False,4,1151.1,358
2021-02-01,26-30,False,5,1503.1,438
2021-02-01,26-30,True,1,369.0,105
2021-02-01,26-30,True,2,1205.6,361
2021-02-01,26-30,True,3,1961.9,601
2021-02-01,26-30,True,4,1942.1,563
2021-02-01,26-30,True,5,2440.6,705
2021-02-01,31-40,False,1,5427.4,1727
2021-02-01,31-40,False,2,4474.2,1464
2021-02-01,31-40,False,3,2294.8,774
2021-02-01,31-40,False,4,2511.3,843
2021-02-01,31-40,False,5,2847.1,947
2021-02-01,31-40,True,1,556.4,199
2021-02-01,31-40,True,2,2211.7,732
2021-02-01,31-40,True,3,3703.6,1306
2021-02-01,31-40,True,4,4907.0,1608
2021-02-01,31-40,True,5,4582.8,1464
2021-02-01,41+,False,1,12033.6,4131
2021-02-01,41+,False,2,10733.8,3731
2021-02-01,41+,False,3,5806.7,2181
2021-02-01,41+,False,4,7282.7,2654
2021-02-01,41+,False,5,8162.1,2989
2021-02-01,41+,True,1,1346.8,444
2021-02-01,41+,True,2,4082.4,1393
2021-02-01,41+,True,3,8574.8,3050
2021-02-01,41+,True,4,11379.5,3911
2021-02-01,41+,True,5,8439.2,2821
2021-03-01,16-21,False,1,3176.7,967
2021-03-01,16-21,False,2,3491.3,1036
2021-03-01,16-21,False,3,894.4,275
2021-03-01,16-21,False,4,468.9,141
2021-03-01,16-21,False,5,1127.6,343
2021-03-01,16-21,True,1,37.6,10
2021-03-01,16-21,True,2,53.6,15
2021-03-01,16-21,True,3,35.0,10
2021-03-01,16-21,True,4,9.3,3
2021-03-01,16-21,True,5,64.0,17
2021-03-01,22-25,False,1,2486.5,704
2021-03-01,22-25,False,2,2373.6,664
2021-03-01,22-25,False,3,913.7,257
2021-03-01,22-25,False,4,702.9,206
2021-03-01,22-25,False,5,1146.0,300
2021-03-01,22-25,True,1,241.0,67
2021-03-01,22-25,True,2,649.3,179
2021-03-01,22-25,True,3,976.5,277
2021-03-01,22-25,True,4,854.1,235
2021-03-01,22-25,True,5,1373.8,366
2021-03-01,26-30,False,1,2991.1,880
2021-03-01,26-30,False,2,2712.6,790
2021-03-01,26-30,False,3,1206.8,370
2021-03-01,26-30,False,4,1123.0,344
2021-03-01,26-30,False,5,1615.7,455
2021-03-01,26-30,True,1,406.0,110
2021-03-01,26-30,True,2,1131.1,335
2021-03-01,26-30,True,3,1870.0,559
2021-03-01,26-30,True,4,1863.3,540
2021-03-01,26-30,True,5,2477.5,698
2021-03-01,31-40,False,1,5360.0,1689
2021-03-01,31-40,False,2,4477.0,1441
2021-03-01,31-40,False,3,2169.7,761
2021-03-01,31-40,False,4,2612.8,842
2021-03-01,31-40,False,5,2877.2,936
2021-03-01,31-40,True,1,585.2,194
2021-03-01,31-40,True,2,2153.0,695
2021-03-01,31-40,True,3,3808.8,1283
2021-03-01,31-40,True,4,4958.2,1564
2021-03-01,31-40,True,5,4629.0,1430
2021-03-01,41+,False,1,12172.9,4112
2021-03-01,41+,False,2,10996.6,3782
2021-03-01,41+,False,3,5894.9,2172
2021-03-01,41+,False,4,7307.4,2592
2021-03-01,41+,False,5,8180.7,2896
2021-03-01,41+,True,1,1429.8,460
2021-03-01,41+,True,2,4161.3,1396
2021-03-01,41+,True,3,8307.8,2913
2021-03-01,41+,True,4,11231.8,3787
2021-03-01,41+,True,5,8706.3,2840
2021-04-01,16-21,False,1,3436.4,1092
2021-04-01,16-21,False,2,3531.3,1085
2021-04-01,16-21,False,3,939.5,305
2021-04-01,16-21,False,4,421.4,130
2021-04-01,16-21,False,5,1145.9,370
2021-04-01,16-21,True,1,21.9,6
2021-04-01,16-21,True,2,42.6,10
2021-04-01,16-21,True,3,55.9,14
2021-04-01,16-21,True,4,34.1,10
2021-04-01,16-21,True,5,73.0,22
2021-04-01,22-25,False,1,2648.2,788
2021-04-01,22-25,False,2,2575.8,744
2021-04-01,22-25,False,3,927.9,281
2021-04-01,22-25,False,4,698.3,207
2021-04-01,22-25,False,5,1119.3,315
2021-04-01,22-25,True,1,228.5,60
2021-04-01,22-25,True,2,565.7,168
2021-04-01,22-25,True,3,910.2,267
2021-04-01,22-25,True,4,799.7,241
2021-04-01,22-25,True,5,1367.0,372
2021-04-01,26-30,False,1,3066.3,940
2021-04-01,26-30,False,2,2676.5,809
2021-04-01,26-30,False,3,1171.3,374
2021-04-01,26-30,False,4,1169.8,357
2021-04-01,26-30,False,5,1545.5,455
2021-04-01,26-30,True,1,405.0,114
2021-04-01,26-30,True,2,1138.8,358
2021-04-01,26-30,True,3,1834.4,575
2021-04-01,26-30,True,4,1895.6,569
2021-04-01,26-30,True,5,2391.8,684
2021-04-01,31-40,False,1,5325.0,1764
2021-04-01,31-40,False,2,4715.4,1547
2021-04-01,31-40,False,3,2204.0,798
2021-04-01,31-40,False,4,2541.5,888
2021-04-01,31-40,False,5,2958.9,999
2021-04-01,31-40,True,1,668.0,224
2021-04-01,31-40,True,2,2189.1,734
2021-04-01,31-40,True,3,3843.9,1311
2021-04-01,31-40,True,4,4994.5,1617
2021-04-01,31-40,True,5,4478.5,1449
2021-04-01,41+,False,1,12279.7,4270
2021-04-01,41+,False,2,11282.0,3999
2021-04-01,41+,False,3,6059.2,2293
2021-04-01,41+,False,4,7184.9,2597
2021-04-01,41+,False,5,8017.2,2941
2021-04-01,41+,True,1,1569.9,522
2021-04-01,41+,True,2,4158.8,1466
2021-04-01,41+,True,3,8522.2,3065
2021-04-01,41+,True,4,10921.8,3825
2021-04-01,41+,True,5,8407.8,2850
2021-05-01,16-21,False,1,3595.3,1130
2021-05-01,16-21,False,2,3704.5,1129
2021-05-01,16-21,False,3,969.5,297
2021-05-01,16-21,False,4,503.4,141
2021-05-01,16-21,False,5,1146.5,356
2021-05-01,16-21,True,1,36.6,9
2021-05-01,16-21,True,2,75.4,19
2021-05-01,16-21,True,3,57.9,13
2021-05-01,16-21,True,4,22.0,9
2021-05-01,16-21,True,5,70.5,20
2021-05-01,22-25,False,1,2409.4,712
2021-05-01,22-25,False,2,2512.7,725
2021-05-01,22-25,False,3,990.1,290
2021-05-01,22-25,False,4,635.1,186
2021-05-01,22-25,False,5,1222.5,335
2021-05-01,22-25,True,1,191.2,58
2021-05-01,22-25,True,2,607.6,164
2021-05-01,22-25,True,3,871.3,263
2021-05-01,22-25,True,4,744.3,211
2021-05-01,22-25,True,5,1296.9,354
2021-05-01,26-30,False,1,2965.1,912
2021-05-01,26-30,False,2,2788.5,842
2021-05-01,26-30,False,3,1127.4,353
2021-05-01,26-30,False,4,1198.8,364
2021-05-01,26-30,False,5,1513.6,461
2021-05-01,26-30,True,1,402.3,112
2021-05-01,26-30,True,2,1046.1,333
2021-05-01,26-30,True,3,1743.4,560
2021-05-01,26-30,True,4,1987.5,585
2021-05-01,26-30,True,5,2515.4,698
2021-05-01,31-40,False,1,5469.2,1758
2021-05-01,31-40,False,2,4653.2,1491
2021-05-01,31-40,False,3,2174.6,778
2021-05-01,31-40,False,4,2597.5,862
2021-05-01,31-40,False,5,3030.5,993
2021-05-01,31-40,True,1,617.7,210
2021-05-01,31-40,True,2,2125.1,708
2021-05-01,31-40,True,3,3936.2,1335
2021-05-01,31-40,True,4,4931.1,1570
2021-05-01,31-40,True,5,4512.3,1444
2021-05-01,41+,False,1,12446.1,4282
2021-05-01,41+,False,2,11388.8,4013
2021-05-01,41+,False,3,6170.2,2296
2021-05-01,41+,False,4,7134.1,2547
2021-05-01,41+,False,5,8000.4,2933
2021-05-01,41+,True,1,1539.6,522
2021-05-01,41+,True,2,4268.3,1485
2021-05-01,41+,True,3,8517.0,3081
2021-05-01,41+,True,4,10854.7,3780
2021-05-01,41+,True,5,8461.2,2869
2021-06-01,16-21,False,1,3905.5,1234
2021-06-01,16-21,False,2,4303.7,1251
2021-06-01,16-21,False,3,1102.0,321
2021-06-01,16-21,False,4,483.0,147
2021-06-01,16-21,False,5,1304.6,370
2021-06-01,16-21,True,1,59.4,15
2021-06-01,16-21,True,2,74.6,20
2021-06-01,16-21,True,3,43.6,11
2021-06-01,16-21,True,4,39.3,12
2021-06-01,16-21,True,5,91.9,23
2021-06-01,22-25,False,1,2491.6,713
2021-06-01,22-25,False,2,2484.9,678
2021-06-01,22-25,False,3,900.0,251
2021-06-01,22-25,False,4,701.5,201
2021-06-01,22-25,False,5,1166.7,300
2021-06-01,22-25,True,1,238.6,63
2021-06-01,22-25,True,2,577.9,152
2021-06-01,22-25,True,3,833.4,219
2021-06-01,22-25,True,4,667.2,167
2021-06-01,22-25,True,5,1290.4,327
2021-06-01,26-30,False,1,3127.0,867
2021-06-01,26-30,False,2,2782.6,780
2021-06-01,26-30,False,3,1117.8,337
2021-06-01,26-30,False,4,1165.9,334
2021-06-01,26-30,False,5,1544.0,423
2021-06-01,26-30,True,1,356.4,100
2021-06-01,26-30,True,2,1104.4,317
2021-06-01,26-30,True,3,1667.3,510
2021-06-01,26-30,True,4,1952.9,537
2021-06-01,26-30,True,5,2456.8,657
2021-06-01,31-40,False,1,5361.3,1663
2021-06-01,31-40,False,2,4711.9,1452
2021-06-01,31-40,False,3,2247.5,770
2021-06-01,31-40,False,4,2705.0,854
2021-06-01,31-40,False,5,3062.6,952
2021-06-01,31-40,True,1,670.9,205
2021-06-01,31-40,True,2,2085.4,663
2021-06-01,31-40,True,3,3931.1,1271
2021-06-01,31-40,True,4,4798.5,1485
2021-06-01,31-40,True,5,4325.0,1316
2021-06-01,41+,False,1,12424.8,4120
2021-06-01,41+,False,2,11287.4,3849
2021-06-01,41+,False,3,6224.8,2206
2021-06-01,41+,False,4,7200.4,2496
2021-06-01,41+,False,5,7877.5,2773
2021-06-01,41+,True,1,1525.6,507
2021-06-01,41+,True,2,4183.2,1418
2021-06-01,41+,True,3,8390.1,2895
2021-06-01,41+,True,4,10769.8,3640
2021-06-01,41+,True,5,8465.8,2801
2021-07-01,16-21,False,1,4072.3,1315
2021-07-01,16-21,False,2,4524.7,1368
2021-07-01,16-21,False,3,1154.8,338
2021-07-01,16-21,False,4,447.1,142
2021-07-01,16-21,False,5,1229.1,355
2021-07-01,16-21,True,1,31.8,7
2021-07-01,16-21,True,2,79.5,22
2021-07-01,16-21,True,3,76.9,18
2021-07-01,16-21,True,4,55.8,17
2021-07-01,16-21,True,5,91.6,24
2021-07-01,22-25,False,1,2419.2,709
2021-07-01,22-25,False,2,2619.9,712
2021-07-01,22-25,False,3,977.8,265
2021-07-01,22-25,False,4,687.3,195
2021-07-01,22-25,False,5,988.4,270
2021-07-01,22-25,True,1,287.2,74
2021-07-01,22-25,True,2,639.3,181
2021-07-01,22-25,True,3,850.6,234
2021-07-01,22-25,True,4,768.7,198
2021-07-01,22-25,True,5,1283.5,350
2021-07-01,26-30,False,1,3111.1,886
2021-07-01,26-30,False,2,2783.9,793
2021-07-01,26-30,False,3,1154.9,334
2021-07-01,26-30,False,4,1108.9,337
2021-07-01,26-30,False,5,1591.6,444
2021-07-01,26-30,True,1,338.3,92
2021-07-01,26-30,True,2,1060.3,304
2021-07-01,26-30,True,3,1655.6,512
2021-07-01,26-30,True,4,2033.5,557
2021-07-01,26-30,True,5,2378.6,646
2021-07-01,31-40,False,1,5664.3,1728
2021-07-01,31-40,False,2,4658.7,1425
2021-07-01,31-40,False,3,2350.9,788
2021-07-01,31-40,False,4,2657.9,838
2021-07-01,31-40,False,5,3012.0,936
2021-07-01,31-40,True,1,651.3,198
2021-07-01,31-40,True,2,2199.1,684
2021-07-01,31-40,True,3,3926.2,1262
2021-07-01,31-40,True,4,4814.3,1492
2021-07-01,31-40,True,5,4457.4,1351
2021-07-01,41+,False,1,12872.7,4253
2021-07-01,41+,False,2,11395.3,3827
2021-07-01,41+,False,3,5982.7,2138
2021-07-01,41+,False,4,6986.5,2474
2021-07-01,41+,False,5,7778.8,2757
2021-07-01,41+,True,1,1527.2,529
2021-07-01,41+,True,2,4229.2,1459
2021-07-01,41+,True,3,8579.1,2971
2021-07-01,41+,True,4,10885.8,3643
2021-07-01,41+,True,5,8464.0,2765
2021-08-01,16-21,False,1,3701.4,1207
2021-08-01,16-21,False,2,3984.5,1218
2021-08-01,16-21,False,3,1033.9,310
2021-08-01,16-21,False,4,466.7,141
2021-08-01,16-21,False,5,1066.4,313
2021-08-01,16-21,True,1,27.8,7
2021-08-01,16-21,True,2,122.2,27
2021-08-01,16-21,True,3,31.7,9
2021-08-01,16-21,True,4,48.4,13
2021-08-01,16-21,True,5,86.8,25
2021-08-01,22-25,False,1,2486.4,724
2021-08-01,22-25,False,2,2586.4,722
2021-08-01,22-25,False,3,876.1,252
2021-08-01,22-25,False,4,746.1,210
2021-08-01,22-25,False,5,950.2,269
2021-08-01,22-25,True,1,244.4,67
2021-08-01,22-25,True,2,680.6,180
2021-08-01,22-25,True,3,887.9,270
2021-08-01,22-25,True,4,784.5,206
2021-08-01,22-25,True,5,1325.3,362
2021-08-01,26-30,False,1,3195.1,912
2021-08-01,26-30,False,2,2691.0,756
2021-08-01,26-30,False,3,1169.3,338
2021-08-01,26-30,False,4,1149.5,337
2021-08-01,26-30,False,5,1495.0,419
2021-08-01,26-30,True,1,312.8,89
2021-08-01,26-30,True,2,1001.2,288
2021-08-01,26-30,True,3,1734.1,515
2021-08-01,26-30,True,4,2054.8,559
2021-08-01,26-30,True,5,2515.8,674
2021-08-01,31-40,False,1,6001.5,1800
2021-08-01,31-40,False,2,4846.0,1522
2021-08-01,31-40,False,3,2221.9,763
2021-08-01,31-40,False,4,2596.5,829
2021-08-01,31-40,False,5,2924.9,932
2021-08-01,31-40,True,1,628.0,198
2021-08-01,31-40,True,2,2098.7,654
2021-08-01,31-40,True,3,4021.8,1301
2021-08-01,31-40,True,4,4918.3,1562
2021-08-01,31-40,True,5,4253.6,1310
2021-08-01,41+,False,1,12752.2,4248
2021-08-01,41+,False,2,11696.5,3943
2021-08-01,41+,False,3,5925.1,2136
2021-08-01,41+,False,4,7197.1,2544
2021-08-01,41+,False,5,8003.9,2824
2021-08-01,41+,True,1,1520.8,517
2021-08-01,41+,True,2,4289.7,1470
2021-08-01,41+,True,3,8520.6,2966
2021-08-01,41+,True,4,10976.9,3673
2021-08-01,41+,True,5,8381.7,2745
2021-09-01,16-21,False,1,3322.2,1032
2021-09-01,16-21,False,2,3624.2,1080
2021-09-01,16-21,False,3,987.4,284
2021-09-01,16-21,False,4,466.2,135
2021-09-01,16-21,False,5,980.0,271
2021-09-01,16-21,True,1,31.8,8
2021-09-01,16-21,True,2,123.1,31
2021-09-01,16-21,True,3,49.9,11
2021-09-01,16-21,True,4,46.5,10
2021-09-01,16-21,True,5,89.7,28
2021-09-01,22-25,False,1,2633.4,740
2021-09-01,22-25,False,2,2713.6,734
2021-09-01,22-25,False,3,1003.5,275
2021-09-01,22-25,False,4,695.6,199
2021-09-01,22-25,False,5,1041.3,293
2021-09-01,22-25,True,1,291.3,74
2021-09-01,22-25,True,2,656.9,177
2021-09-01,22-25,True,3,940.6,268
2021-09-01,22-25,True,4,758.7,216
2021-09-01,22-25,True,5,1182.5,325
2021-09-01,26-30,False,1,3131.1,895
2021-09-01,26-30,False,2,2673.6,754
2021-09-01,26-30,False,3,1070.7,319
2021-09-01,26-30,False,4,1159.7,327
2021-09-01,26-30,False,5,1541.2,420
2021-09-01,26-30,True,1,336.9,97
2021-09-01,26-30,True,2,1084.0,301
2021-09-01,26-30,True,3,1742.8,519
2021-09-01,26-30,True,4,1985.1,545
2021-09-01,26-30,True,5,2491.8,682
2021-09-01,31-40,False,1,5925.5,1755
2021-09-01,31-40,False,2,4859.3,1473
2021-09-01,31-40,False,3,2255.6,749
2021-09-01,31-40,False,4,2541.6,816
2021-09-01,31-40,False,5,2905.5,927
2021-09-01,31-40,True,1,742.4,215
2021-09-01,31-40,True,2,2003.9,611
2021-09-01,31-40,True,3,4154.8,1328
2021-09-01,31-40,True,4,5044.4,1547
2021-09-01,31-40,True,5,4373.1,1327
2021-09-01,41+,False,1,13299.5,4274
2021-09-01,41+,False,2,11627.8,3869
2021-09-01,41+,False,3,6074.1,2131
2021-09-01,41+,False,4,7277.5,2499
2021-09-01,41+,False,5,8079.3,2745
2021-09-01,41+,True,1,1483.7,496
2021-09-01,41+,True,2,4407.8,1451
2021-09-01,41+,True,3,8695.1,2944
2021-09-01,41+,True,4,10998.3,3593
2021-09-01,41+,True,5,8421.3,2673
2021-10-01,16-21,False,1,3455.7,1060
2021-10-01,16-21,False,2,3510.5,1068
2021-10-01,16-21,False,3,1016.7,303
2021-10-01,16-21,False,4,470.1,135
2021-10-01,16-21,False,5,1199.6,341
2021-10-01,16-21,True,1,41.6,11
2021-10-01,16-21,True,2,92.5,24
2021-10-01,16-21,True,3,59.7,17
2021-10-01,16-21,True,4,45.8,9
2021-10-01,16-21,True,5,44.7,17
2021-10-01,22-25,False,1,2557.3,767
2021-10-01,22-25,False,2,2675.1,741
2021-10-01,22-25,False,3,1009.6,286
2021-10-01,22-25,False,4,754.2,212
2021-10-01,22-25,False,5,1249.3,336
2021-10-01,22-25,True,1,270.8,76
2021-10-01,22-25,True,2,679.5,188
2021-10-01,22-25,True,3,991.8,299
2021-10-01,22-25,True,4,758.7,223
2021-10-01,22-25,True,5,1239.5,362
2021-10-01,26-30,False,1,3009.4,854
2021-10-01,26-30,False,2,2585.0,759
2021-10-01,26-30,False,3,1142.7,348
2021-10-01,26-30,False,4,1271.2,351
2021-10-01,26-30,False,5,1498.8,415
2021-10-01,26-30,True,1,353.4,107
2021-10-01,26-30,True,2,1048.7,311
2021-10-01,26-30,True,3,1942.0,557
2021-10-01,26-30,True,4,1973.1,550
2021-10-01,26-30,True,5,2538.4,709
2021-10-01,31-40,False,1,6033.3,1808
2021-10-01,31-40,False,2,4921.1,1505
2021-10-01,31-40,False,3,2383.1,788
2021-10-01,31-40,False,4,2669.1,842
2021-10-01,31-40,False,5,3009.0,972
2021-10-01,31-40,True,1,807.6,245
2021-10-01,31-40,True,2,2067.7,642
2021-10-01,31-40,True,3,4100.4,1373
2021-10-01,31-40,True,4,4985.1,1572
2021-10-01,31-40,True,5,4403.3,1387
2021-10-01,41+,False,1,13204.6,4285
2021-10-01,41+,False,2,11391.4,3854
2021-10-01,41+,False,3,5936.6,2153
2021-10-01,41+,False,4,7396.3,2567
2021-10-01,41+,False,5,7963.9,2773
2021-10-01,41+,True,1,1525.6,509
2021-10-01,41+,True,2,4465.4,1492
2021-10-01,41+,True,3,8899.2,3042
2021-10-01,41+,True,4,10773.3,3596
2021-10-01,41+,True,5,8545.2,2758
2021-11-01,16-21,False,1,3495.1,1001
2021-11-01,16-21,False,2,3760.4,1067
2021-11-01,16-21,False,3,1047.2,309
2021-11-01,16-21,False,4,543.4,143
2021-11-01,16-21,False,5,1105.9,306
2021-11-01,16-21,True,1,49.1,10
2021-11-01,16-21,True,2,86.2,22
2021-11-01,16-21,True,3,53.7,15
2021-11-01,16-21,True,4,61.8,14
2021-11-01,16-21,True,5,36.0,14
2021-11-01,22-25,False,1,2311.3,659
2021-11-01,22-25,False,2,2673.0,714
2021-11-01,22-25,False,3,965.8,263
2021-11-01,22-25,False,4,802.8,213
2021-11-01,22-25,False,5,1217.6,324
2021-11-01,22-25,True,1,259.6,72
2021-11-01,22-25,True,2,636.2,172
2021-11-01,22-25,True,3,955.0,274
2021-11-01,22-25,True,4,823.4,236
2021-11-01,22-25,True,5,1247.3,321
2021-11-01,26-30,False,1,3026.5,835
2021-11-01,26-30,False,2,2670.1,746
2021-11-01,26-30,False,3,1107.7,327
2021-11-01,26-30,False,4,1195.0,321
2021-11-01,26-30,False,5,1653.3,433
2021-11-01,26-30,True,1,436.7,121
2021-11-01,26-30,True,2,1037.4,299
2021-11-01,26-30,True,3,1952.1,553
2021-11-01,26-30,True,4,2002.9,524
2021-11-01,26-30,True,5,2630.7,696
2021-11-01,31-40,False,1,5946.2,1715
2021-11-01,31-40,False,2,4921.6,1458
2021-11-01,31-40,False,3,2285.4,730
2021-11-01,31-40,False,4,2705.8,848
2021-11-01,31-40,False,5,2958.9,947
2021-11-01,31-40,True,1,756.7,228
2021-11-01,31-40,True,2,2042.8,629
2021-11-01,31-40,True,3,4139.6,1334
2021-11-01,31-40,True,4,4993.9,1535
2021-11-01,31-40,True,5,4674.2,1403
2021-11-01,41+,False,1,13119.9,4134
2021-11-01,41+,False,2,11297.6,3722
2021-11-01,41+,False,3,5936.2,2060
2021-11-01,41+,False,4,7515.7,2536
2021-11-01,41+,False,5,8381.8,2801
2021-11-01,41+,True,1,1456.6,487
2021-11-01,41+,True,2,4253.0,1372
2021-11-01,41+,True,3,8875.2,2996
2021-11-01,41+,True,4,10736.6,3515
2021-11-01,41+,True,5,8955.9,2825
2021-12-01,16-21,False,1,3465.2,1004
2021-12-01,16-21,False,2,3640.9,1047
2021-12-01,16-21,False,3,1006.8,297
2021-12-01,16-21,False,4,483.6,133
2021-12-01,16-21,False,5,1125.6,321
2021-12-01,16-21,True,1,13.3,3
2021-12-01,16-21,True,2,68.8,18
2021-12-01,16-21,True,3,42.4,13
2021-12-01,16-21,True,4,41.0,10
2021-12-01,16-21,True,5,34.3,12
2021-12-01,22-25,False,1,2602.5,696
2021-12-01,22-25,False,2,2721.2,703
2021-12-01,22-25,False,3,906.7,257
2021-12-01,22-25,False,4,774.1,199
2021-12-01,22-25,False,5,1209.1,312
2021-12-01,22-25,True,1,257.5,72
2021-12-01,22-25,True,2,631.8,162
2021-12-01,22-25,True,3,954.7,262
2021-12-01,22-25,True,4,778.4,222
2021-12-01,22-25,True,5,1226.7,338
2021-12-01,26-30,False,1,3046.4,844
2021-12-01,26-30,False,2,2876.7,830
2021-12-01,26-30,False,3,1032.1,314
2021-12-01,26-30,False,4,1125.4,313
2021-12-01,26-30,False,5,1663.0,439
2021-12-01,26-30,True,1,414.1,119
2021-12-01,26-30,True,2,1122.1,313
2021-12-01,26-30,True,3,1918.8,558
2021-12-01,26-30,True,4,1986.8,543
2021-12-01,26-30,True,5,2588.6,701
2021-12-01,31-40,False,1,5924.6,1713
2021-12-01,31-40,False,2,4704.4,1402
2021-12-01,31-40,False,3,2280.8,751
2021-12-01,31-40,False,4,2736.4,853
2021-12-01,31-40,False,5,3021.1,945
2021-12-01,31-40,True,1,658.7,197
2021-12-01,31-40,True,2,2150.7,657
2021-12-01,31-40,True,3,4012.8,1277
2021-12-01,31-40,True,4,4908.9,1480
2021-12-01,31-40,True,5,4764.7,1400
2021-12-01,41+,False,1,12945.1,4045
2021-12-01,41+,False,2,11266.1,3616
2021-12-01,41+,False,3,6080.4,2096
2021-12-01,41+,False,4,7612.6,2553
2021-12-01,41+,False,5,8454.3,2810
2021-12-01,41+,True,1,1624.1,526
2021-12-01,41+,True,2,4341.6,1381
2021-12-01,41+,True,3,8599.7,2842
2021-12-01,41+,True,4,11005.1,3583
2021-12-01,41+,True,5,8881.4,2757
2022-01-01,16-21,False,1,3360.8,975
2022-01-01,16-21,False,2,3737.0,1082
2022-01-01,16-21,False,3,978.1,275
2022-01-01,16-21,False,4,488.7,131
2022-01-01,16-21,False,5,1058.1,303
2022-01-01,16-21,True,1,25.1,6
2022-01-01,16-21,True,2,55.0,15
2022-01-01,16-21,True,3,61.1,15
2022-01-01,16-21,True,4,60.4,13
2022-01-01,16-21,True,5,29.3,9
2022-01-01,22-25,False,1,2381.4,656
2022-01-01,22-25,False,2,2576.3,673
2022-01-01,22-25,False,3,905.5,260
2022-01-01,22-25,False,4,655.3,182
2022-01-01,22-25,False,5,1201.8,312
2022-01-01,22-25,True,1,248.6,64
2022-01-01,22-25,True,2,647.7,166
2022-01-01,22-25,True,3,1018.8,276
2022-01-01,22-25,True,4,786.8,225
2022-01-01,22-25,True,5,1259.1,321
2022-01-01,26-30,False,1,2942.7,780
2022-01-01,26-30,False,2,2937.7,806
2022-01-01,26-30,False,3,1111.6,340
2022-01-01,26-30,False,4,1167.9,333
2022-01-01,26-30,False,5,1624.3,447
2022-01-01,26-30,True,1,330.8,96
2022-01-01,26-30,True,2,1106.7,316
2022-01-01,26-30,True,3,1888.0,563
2022-01-01,26-30,True,4,1861.5,529
2022-01-01,26-30,True,5,2521.9,690
2022-01-01,31-40,False,1,5795.5,1693
2022-01-01,31-40,False,2,4590.2,1399
2022-01-01,31-40,False,3,2215.8,737
2022-01-01,31-40,False,4,2880.4,883
2022-01-01,31-40,False,5,2971.8,908
2022-01-01,31-40,True,1,549.6,174
2022-01-01,31-40,True,2,2231.1,685
2022-01-01,31-40,True,3,4012.8,1294
2022-01-01,31-40,True,4,4936.9,1496
2022-01-01,31-40,True,5,4855.0,1421
2022-01-01,41+,False,1,12878.0,3977
2022-01-01,41+,False,2,11664.3,3673
2022-01-01,41+,False,3,6151.1,2120
2022-01-01,41+,False,4,7557.0,2535
2022-01-01,41+,False,5,8473.9,2779
2022-01-01,41+,True,1,1494.4,467
2022-01-01,41+,True,2,4081.5,1287
2022-01-01,41+,True,3,8949.5,2906
2022-01-01,41+,True,4,11239.9,3592
2022-01-01,41+,True,5,9061.7,2787
2022-02-01,16-21,False,1,3285.8,967
2022-02-01,16-21,False,2,3822.3,1095
2022-02-01,16-21,False,3,1058.0,285
2022-02-01,16-21,False,4,443.6,134
2022-02-01,16-21,False,5,1155.0,333
2022-02-01,16-21,True,1,21.4,6
2022-02-01,16-21,True,2,30.0,12
2022-02-01,16-21,True,3,59.6,13
2022-02-01,16-21,True,4,37.2,9
2022-02-01,16-21,True,5,51.8,14
2022-02-01,22-25,False,1,2446.1,672
2022-02-01,22-25,False,2,2664.6,715
2022-02-01,22-25,False,3,854.4,251
2022-02-01,22-25,False,4,767.3,208
2022-02-01,22-25,False,5,1079.5,284
2022-02-01,22-25,True,1,266.6,63
2022-02-01,22-25,True,2,725.8,189
2022-02-01,22-25,True,3,962.1,274
2022-02-01,22-25,True,4,799.7,221
2022-02-01,22-25,True,5,1360.9,354
2022-02-01,26-30,False,1,2990.4,837
2022-02-01,26-30,False,2,2924.9,828
2022-02-01,26-30,False,3,1083.6,330
2022-02-01,26-30,False,4,1099.2,306
2022-02-01,26-30,False,5,1530.6,437
2022-02-01,26-30,True,1,333.7,95
2022-02-01,26-30,True,2,1083.9,302
2022-02-01,26-30,True,3,2016.2,580
2022-02-01,26-30,True,4,1893.0,534
2022-02-01,26-30,True,5,2536.4,705
2022-02-01,31-40,False,1,5812.8,1700
2022-02-01,31-40,False,2,4923.2,1486
2022-02-01,31-40,False,3,2175.8,710
2022-02-01,31-40,False,4,2735.3,848
2022-02-01,31-40,False,5,2852.6,868
2022-02-01,31-40,True,1,644.4,190
2022-02-01,31-40,True,2,2340.3,700
2022-02-01,31-40,True,3,4107.6,1266
2022-02-01,31-40,True,4,5035.2,1469
2022-02-01,31-40,True,5,4905.6,1412
2022-02-01,41+,False,1,12952.1,4084
2022-02-01,41+,False,2,11646.0,3736
2022-02-01,41+,False,3,6038.6,2125
2022-02-01,41+,False,4,7702.4,2557
2022-02-01,41+,False,5,8481.1,2819
2022-02-01,41+,True,1,1405.9,448
2022-02-01,41+,True,2,4182.8,1320
2022-02-01,41+,True,3,8913.2,2963
2022-02-01,41+,True,4,11503.8,3716
2022-02-01,41+,True,5,9200.7,2836
2022-03-01,16-21,False,1,3390.8,948
2022-03-01,16-21,False,2,3858.9,1070
2022-03-01,16-21,False,3,964.3,269
2022-03-01,16-21,False,4,491.5,139
2022-03-01,16-21,False,5,1178.9,326
2022-03-01,16-21,True,1,18.4,3
2022-03-01,16-21,True,2,38.2,10
2022-03-01,16-21,True,3,43.8,11
2022-03-01,16-21,True,4,20.7,6
2022-03-01,16-21,True,5,36.5,10
2022-03-01,22-25,False,1,2576.7,689
2022-03-01,22-25,False,2,2566.3,674
2022-03-01,22-25,False,3,927.2,252
2022-03-01,22-25,False,4,852.5,218
2022-03-01,22-25,False,5,1201.5,305
2022-03-01,22-25,True,1,225.1,54
2022-03-01,22-25,True,2,745.4,175
2022-03-01,22-25,True,3,1019.7,278
2022-03-01,22-25,True,4,730.9,198
2022-03-01,22-25,True,5,1347.2,333
2022-03-01,26-30,False,1,3152.9,854
2022-03-01,26-30,False,2,2839.3,778
2022-03-01,26-30,False,3,975.5,296
2022-03-01,26-30,False,4,1089.0,305
2022-03-01,26-30,False,5,1726.3,451
2022-03-01,26-30,True,1,318.5,86
2022-03-01,26-30,True,2,1138.7,308
2022-03-01,26-30,True,3,1922.5,544
2022-03-01,26-30,True,4,1835.5,513
2022-03-01,26-30,True,5,2544.3,678
2022-03-01,31-40,False,1,5999.4,1679
2022-03-01,31-40,False,2,5181.2,1491
2022-03-01,31-40,False,3,2202.2,679
2022-03-01,31-40,False,4,2822.0,825
2022-03-01,31-40,False,5,2818.6,843
2022-03-01,31-40,True,1,618.4,182
2022-03-01,31-40,True,2,2310.1,661
2022-03-01,31-40,True,3,3964.0,1195
2022-03-01,31-40,True,4,5164.1,1479
2022-03-01,31-40,True,5,4636.7,1324
2022-03-01,41+,False,1,12983.9,3966
2022-03-01,41+,False,2,12171.8,3798
2022-03-01,41+,False,3,6251.2,2145
2022-03-01,41+,False,4,7699.2,2474
2022-03-01,41+,False,5,8456.9,2764
2022-03-01,41+,True,1,1529.1,449
2022-03-01,41+,True,2,4242.5,1326
2022-03-01,41+,True,3,8786.2,2850
2022-03-01,41+,True,4,11439.1,3628
2022-03-01,41+,True,5,9051.9,2711
2022-04-01,16-21,False,1,3450.2,1020
2022-04-01,16-21,False,2,3676.8,1061
2022-04-01,16-21,False,3,952.8,279
2022-04-01,16-21,False,4,469.2,139
2022-04-01,16-21,False,5,1257.4,351
2022-04-01,16-21,True,1,24.7,5
2022-04-01,16-21,True,2,39.2,10
2022-04-01,16-21,True,3,69.3,19
2022-04-01,16-21,True,4,7.4,3
2022-04-01,16-21,True,5,24.9,8
2022-04-01,22-25,False,1,2670.1,759
2022-04-01,22-25,False,2,2722.9,730
2022-04-01,22-25,False,3,979.9,267
2022-04-01,22-25,False,4,798.5,231
2022-04-01,22-25,False,5,1203.4,321
2022-04-01,22-25,True,1,244.7,63
2022-04-01,22-25,True,2,634.0,168
2022-04-01,22-25,True,3,906.6,256
2022-04-01,22-25,True,4,758.4,207
2022-04-01,22-25,True,5,1244.2,331
2022-04-01,26-30,False,1,3121.8,910
2022-04-01,26-30,False,2,2742.6,785
2022-04-01,26-30,False,3,1109.0,324
2022-04-01,26-30,False,4,1057.1,301
2022-04-01,26-30,False,5,1615.4,436
2022-04-01,26-30,True,1,388.0,106
2022-04-01,26-30,True,2,1020.4,283
2022-04-01,26-30,True,3,1933.1,577
2022-04-01,26-30,True,4,1967.8,565
2022-04-01,26-30,True,5,2426.7,662
2022-04-01,31-40,False,1,5893.0,1733
2022-04-01,31-40,False,2,5222.8,1556
2022-04-01,31-40,False,3,2189.6,697
2022-04-01,31-40,False,4,2922.3,895
2022-04-01,31-40,False,5,3049.9,940
2022-04-01,31-40,True,1,688.9,222
2022-04-01,31-40,True,2,2186.1,651
2022-04-01,31-40,True,3,4166.8,1306
2022-04-01,31-40,True,4,5219.0,1560
2022-04-01,31-40,True,5,4535.0,1324
2022-04-01,41+,False,1,13246.4,4165
2022-04-01,41+,False,2,12243.2,3937
2022-04-01,41+,False,3,6300.4,2191
2022-04-01,41+,False,4,7664.0,2499
2022-04-01,41+,False,5,8225.7,2767
2022-04-01,41+,True,1,1500.8,455
2022-04-01,41+,True,2,4227.2,1365
2022-04-01,41+,True,3,8805.3,2930
2022-04-01,41+,True,4,11428.9,3664
2022-04-01,41+,True,5,8759.1,2726
2022-05-01,16-21,False,1,3572.3,1081
2022-05-01,16-21,False,2,3830.7,1110
2022-05-01,16-21,False,3,932.5,274
2022-05-01,16-21,False,4,458.5,138
2022-05-01,16-21,False,5,1282.0,354
2022-05-01,16-21,True,1,38.9,9
2022-05-01,16-21,True,2,41.5,13
2022-05-01,16-21,True,3,54.3,14
2022-05-01,16-21,True,4,28.2,9
2022-05-01,16-21,True,5,48.4,13
2022-05-01,22-25,False,1,2675.7,767
2022-05-01,22-25,False,2,2659.9,728
2022-05-01,22-25,False,3,954.5,265
2022-05-01,22-25,False,4,813.5,232
2022-05-01,22-25,False,5,1018.2,290
2022-05-01,22-25,True,1,218.9,59
2022-05-01,22-25,True,2,694.8,185
2022-05-01,22-25,True,3,940.6,283
2022-05-01,22-25,True,4,775.6,216
2022-05-01,22-25,True,5,1215.4,330
2022-05-01,26-30,False,1,3227.8,964
2022-05-01,26-30,False,2,2833.4,833
2022-05-01,26-30,False,3,1123.7,346
2022-05-01,26-30,False,4,1128.8,339
2022-05-01,26-30,False,5,1504.5,430
2022-05-01,26-30,True,1,332.6,98
2022-05-01,26-30,True,2,1154.5,322
2022-05-01,26-30,True,3,1914.3,580
2022-05-01,26-30,True,4,2094.8,609
2022-05-01,26-30,True,5,2408.1,696
2022-05-01,31-40,False,1,5880.0,1750
2022-05-01,31-40,False,2,5192.0,1602
2022-05-01,31-40,False,3,2310.9,741
2022-05-01,31-40,False,4,2746.9,870
2022-05-01,31-40,False,5,3123.1,995
2022-05-01,31-40,True,1,751.5,239
2022-05-01,31-40,True,2,2169.0,669
2022-05-01,31-40,True,3,4141.4,1335
2022-05-01,31-40,True,4,4994.0,1565
2022-05-01,31-40,True,5,4635.6,1383
2022-05-01,41+,False,1,13341.1,4243
2022-05-01,41+,False,2,11977.7,3912
2022-05-01,41+,False,3,6315.8,2230
2022-05-01,41+,False,4,7793.6,2584
2022-05-01,41+,False,5,8082.6,2788
2022-05-01,41+,True,1,1513.5,489
2022-05-01,41+,True,2,4556.1,1494
2022-05-01,41+,True,3,8909.7,3040
2022-05-01,41+,True,4,11386.1,3771
2022-05-01,41+,True,5,8811.8,2844
2022-06-01,16-21,False,1,4013.2,1202
2022-06-01,16-21,False,2,4516.8,1234
2022-06-01,16-21,False,3,1116.4,314
2022-06-01,16-21,False,4,523.8,137
2022-06-01,16-21,False,5,1381.0,381
2022-06-01,16-21,True,1,51.3,12
2022-06-01,16-21,True,2,56.0,20
2022-06-01,16-21,True,3,38.6,10
2022-06-01,16-21,True,4,31.8,8
2022-06-01,16-21,True,5,56.5,14
2022-06-01,22-25,False,1,2656.3,717
2022-06-01,22-25,False,2,2707.4,714
2022-06-01,22-25,False,3,950.3,252
2022-06-01,22-25,False,4,819.1,226
2022-06-01,22-25,False,5,1086.4,305
2022-06-01,22-25,True,1,177.3,55
2022-06-01,22-25,True,2,659.5,178
2022-06-01,22-25,True,3,869.1,248
2022-06-01,22-25,True,4,837.8,215
2022-06-01,22-25,True,5,1211.6,315
2022-06-01,26-30,False,1,3216.0,909
2022-06-01,26-30,False,2,2878.2,772
2022-06-01,26-30,False,3,1190.3,349
2022-06-01,26-30,False,4,1130.4,320
2022-06-01,26-30,False,5,1497.7,414
2022-06-01,26-30,True,1,360.4,103
2022-06-01,26-30,True,2,1115.3,300
2022-06-01,26-30,True,3,1767.3,506
2022-06-01,26-30,True,4,2095.0,581
2022-06-01,26-30,True,5,2420.3,664
2022-06-01,31-40,False,1,5902.3,1700
2022-06-01,31-40,False,2,4905.0,1473
2022-06-01,31-40,False,3,2436.3,744
2022-06-01,31-40,False,4,2929.1,859
2022-06-01,31-40,False,5,3127.4,957
2022-06-01,31-40,True,1,724.2,220
2022-06-01,31-40,True,2,2159.9,645
2022-06-01,31-40,True,3,3838.8,1201
2022-06-01,31-40,True,4,4933.8,1510
2022-06-01,31-40,True,5,4492.1,1317
2022-06-01,41+,False,1,13144.4,4074
2022-06-01,41+,False,2,11721.2,3723
2022-06-01,41+,False,3,6207.8,2127
2022-06-01,41+,False,4,7701.5,2542
2022-06-01,41+,False,5,8103.5,2717
2022-06-01,41+,True,1,1541.1,490
2022-06-01,41+,True,2,4420.5,1428
2022-06-01,41+,True,3,8852.5,2877
2022-06-01,41+,True,4,11532.7,3695
2022-06-01,41+,True,5,8572.7,2696
2022-07-01,16-21,False,1,4121.4,1229
2022-07-01,16-21,False,2,4512.8,1260
2022-07-01,16-21,False,3,1070.5,313
2022-07-01,16-21,False,4,587.3,150
2022-07-01,16-21,False,5,1419.1,401
2022-07-01,16-21,True,1,14.8,4
2022-07-01,16-21,True,2,105.6,29
2022-07-01,16-21,True,3,64.0,17
2022-07-01,16-21,True,4,71.8,19
2022-07-01,16-21,True,5,76.5,21
2022-07-01,22-25,False,1,2801.7,760
2022-07-01,22-25,False,2,2507.5,645
2022-07-01,22-25,False,3,988.6,264
2022-07-01,22-25,False,4,817.7,229
2022-07-01,22-25,False,5,1067.6,286
2022-07-01,22-25,True,1,204.9,65
2022-07-01,22-25,True,2,730.7,193
2022-07-01,22-25,True,3,829.9,238
2022-07-01,22-25,True,4,858.2,227
2022-07-01,22-25,True,5,1235.8,324
2022-07-01,26-30,False,1,2961.9,842
2022-07-01,26-30,False,2,2916.4,759
2022-07-01,26-30,False,3,1091.0,315
2022-07-01,26-30,False,4,1275.7,349
2022-07-01,26-30,False,5,1398.7,389
2022-07-01,26-30,True,1,293.9,85
2022-07-01,26-30,True,2,1252.9,314
2022-07-01,26-30,True,3,1790.0,508
2022-07-01,26-30,True,4,2243.2,601
2022-07-01,26-30,True,5,2471.6,677
2022-07-01,31-40,False,1,5826.3,1639
2022-07-01,31-40,False,2,4889.8,1430
2022-07-01,31-40,False,3,2276.8,698
2022-07-01,31-40,False,4,2891.8,839
2022-07-01,31-40,False,5,3221.9,933
2022-07-01,31-40,True,1,706.3,210
2022-07-01,31-40,True,2,2144.9,631
2022-07-01,31-40,True,3,3891.6,1220
2022-07-01,31-40,True,4,5126.2,1535
2022-07-01,31-40,True,5,4603.0,1365
2022-07-01,41+,False,1,12947.0,3958
2022-07-01,41+,False,2,11467.4,3596
2022-07-01,41+,False,3,5992.6,2047
2022-07-01,41+,False,4,7528.5,2472
2022-07-01,41+,False,5,7988.2,2680
2022-07-01,41+,True,1,1525.4,476
2022-07-01,41+,True,2,4531.4,1464
2022-07-01,41+,True,3,8959.7,2883
2022-07-01,41+,True,4,11711.0,3724
2022-07-01,41+,True,5,9055.2,2809
2022-08-01,16-21,False,1,3945.1,1185
2022-08-01,16-21,False,2,4263.9,1225
2022-08-01,16-21,False,3,1090.6,315
2022-08-01,16-21,False,4,534.8,139
2022-08-01,16-21,False,5,1187.7,342
2022-08-01,16-21,True,1,27.2,7
2022-08-01,16-21,True,2,66.9,17
2022-08-01,16-21,True,3,44.9,13
2022-08-01,16-21,True,4,71.1,17
2022-08-01,16-21,True,5,73.5,19
2022-08-01,22-25,False,1,2740.3,744
2022-08-01,22-25,False,2,2536.6,680
2022-08-01,22-25,False,3,862.3,255
2022-08-01,22-25,False,4,799.0,217
2022-08-01,22-25,False,5,1071.8,304
2022-08-01,22-25,True,1,174.6,57
2022-08-01,22-25,True,2,718.9,191
2022-08-01,22-25,True,3,872.1,256
2022-08-01,22-25,True,4,898.0,238
2022-08-01,22-25,True,5,1380.2,367
2022-08-01,26-30,False,1,2910.8,852
2022-08-01,26-30,False,2,2817.4,747
2022-08-01,26-30,False,3,1181.0,339
2022-08-01,26-30,False,4,1253.1,345
2022-08-01,26-30,False,5,1477.3,416
2022-08-01,26-30,True,1,337.3,89
2022-08-01,26-30,True,2,1157.0,312
2022-08-01,26-30,True,3,1750.7,503
2022-08-01,26-30,True,4,2169.6,604
2022-08-01,26-30,True,5,2403.5,657
2022-08-01,31-40,False,1,5763.3,1682
2022-08-01,31-40,False,2,4881.9,1416
2022-08-01,31-40,False,3,2519.1,783
2022-08-01,31-40,False,4,2732.4,822
2022-08-01,31-40,False,5,3188.1,957
2022-08-01,31-40,True,1,723.1,206
2022-08-01,31-40,True,2,2069.0,622
2022-08-01,31-40,True,3,4046.2,1271
2022-08-01,31-40,True,4,5211.4,1591
2022-08-01,31-40,True,5,4598.8,1381
2022-08-01,41+,False,1,12845.1,4009
2022-08-01,41+,False,2,11481.3,3671
2022-08-01,41+,False,3,6115.5,2109
2022-08-01,41+,False,4,7521.8,2472
2022-08-01,41+,False,5,8043.7,2713
2022-08-01,41+,True,1,1659.3,518
2022-08-01,41+,True,2,4377.9,1453
2022-08-01,41+,True,3,9268.8,3018
2022-08-01,41+,True,4,11646.5,3760
2022-08-01,41+,True,5,9203.5,2869
2022-09-01,16-21,False,1,3736.6,1047
2022-09-01,16-21,False,2,3667.5,1055
2022-09-01,16-21,False,3,909.5,262
2022-09-01,16-21,False,4,479.7,132
2022-09-01,16-21,False,5,1069.6,306
2022-09-01,16-21,True,1,38.1,11
2022-09-01,16-21,True,2,52.4,12
2022-09-01,16-21,True,3,42.4,13
2022-09-01,16-21,True,4,42.4,11
2022-09-01,16-21,True,5,79.4,18
2022-09-01,22-25,False,1,2627.6,703
2022-09-01,22-25,False,2,2467.3,658
2022-09-01,22-25,False,3,942.1,249
2022-09-01,22-25,False,4,743.3,199
2022-09-01,22-25,False,5,1218.9,322
2022-09-01,22-25,True,1,229.9,64
2022-09-01,22-25,True,2,702.4,182
2022-09-01,22-25,True,3,929.7,256
2022-09-01,22-25,True,4,860.7,225
2022-09-01,22-25,True,5,1347.1,349
2022-09-01,26-30,False,1,2970.4,837
2022-09-01,26-30,False,2,2850.4,763
2022-09-01,26-30,False,3,1252.0,349
2022-09-01,26-30,False,4,1187.2,312
2022-09-01,26-30,False,5,1480.7,405
2022-09-01,26-30,True,1,301.8,81
2022-09-01,26-30,True,2,1115.0,287
2022-09-01,26-30,True,3,1816.9,512
2022-09-01,26-30,True,4,2055.3,569
2022-09-01,26-30,True,5,2392.1,649
2022-09-01,31-40,False,1,5830.6,1686
2022-09-01,31-40,False,2,4979.8,1443
2022-09-01,31-40,False,3,2513.7,753
2022-09-01,31-40,False,4,2781.8,824
2022-09-01,31-40,False,5,3128.7,950
2022-09-01,31-40,True,1,680.5,197
2022-09-01,31-40,True,2,2179.5,634
2022-09-01,31-40,True,3,4073.3,1248
2022-09-01,31-40,True,4,5197.4,1540
2022-09-01,31-40,True,5,4560.0,1323
2022-09-01,41+,False,1,13455.6,4189
2022-09-01,41+,False,2,11676.6,3738
2022-09-01,41+,False,3,6276.4,2155
2022-09-01,41+,False,4,7313.7,2418
2022-09-01,41+,False,5,7959.6,2649
2022-09-01,41+,True,1,1660.7,524
2022-09-01,41+,True,2,4498.1,1447
2022-09-01,41+,True,3,9517.1,3041
2022-09-01,41+,True,4,11985.9,3794
2022-09-01,41+,True,5,9125.7,2776
2022-10-01,16-21,False,1,3544.2,984
2022-10-01,16-21,False,2,3852.7,1075
2022-10-01,16-21,False,3,1084.8,301
2022-10-01,16-21,False,4,464.2,122
2022-10-01,16-21,False,5,1136.7,317
2022-10-01,16-21,True,1,22.9,6
2022-10-01,16-21,True,2,48.0,13
2022-10-01,16-21,True,3,63.7,19
2022-10-01,16-21,True,4,48.0,12
2022-10-01,16-21,True,5,62.4,16
2022-10-01,22-25,False,1,2502.2,714
2022-10-01,22-25,False,2,2623.8,712
2022-10-01,22-25,False,3,934.8,261
2022-10-01,22-25,False,4,709.0,195
2022-10-01,22-25,False,5,1235.4,333
2022-10-01,22-25,True,1,295.1,77
2022-10-01,22-25,True,2,700.5,180
2022-10-01,22-25,True,3,925.4,270
2022-10-01,22-25,True,4,870.8,228
2022-10-01,22-25,True,5,1359.1,373
2022-10-01,26-30,False,1,2894.7,818
2022-10-01,26-30,False,2,2799.3,789
2022-10-01,26-30,False,3,1304.3,367
2022-10-01,26-30,False,4,1152.4,312
2022-10-01,26-30,False,5,1491.3,403
2022-10-01,26-30,True,1,400.2,100
2022-10-01,26-30,True,2,1058.5,296
2022-10-01,26-30,True,3,1859.9,532
2022-10-01,26-30,True,4,1991.2,569
2022-10-01,26-30,True,5,2527.9,698
2022-10-01,31-40,False,1,5862.2,1657
2022-10-01,31-40,False,2,4971.9,1424
2022-10-01,31-40,False,3,2433.1,741
2022-10-01,31-40,False,4,2611.8,791
2022-10-01,31-40,False,5,3094.2,918
2022-10-01,31-40,True,1,710.7,209
2022-10-01,31-40,True,2,2337.3,656
2022-10-01,31-40,True,3,4131.2,1274
2022-10-01,31-40,True,4,5317.5,1535
2022-10-01,31-40,True,5,4574.0,1315
2022-10-01,41+,False,1,13926.3,4195
2022-10-01,41+,False,2,11553.3,3677
2022-10-01,41+,False,3,6235.1,2103
2022-10-01,41+,False,4,7407.0,2426
2022-10-01,41+,False,5,7923.4,2612
2022-10-01,41+,True,1,1540.1,473
2022-10-01,41+,True,2,4591.5,1435
2022-10-01,41+,True,3,9184.2,2966
2022-10-01,41+,True,4,11607.1,3687
2022-10-01,41+,True,5,9168.9,2785
2022-11-01,16-21,False,1,3532.8,989
2022-11-01,16-21,False,2,3790.9,1058
2022-11-01,16-21,False,3,1083.5,288
2022-11-01,16-21,False,4,397.3,106
2022-11-01,16-21,False,5,1063.8,288
2022-11-01,16-21,True,1,23.2,6
2022-11-01,16-21,True,2,32.3,10
2022-11-01,16-21,True,3,27.3,8
2022-11-01,16-21,True,4,34.5,8
2022-11-01,16-21,True,5,64.1,20
2022-11-01,22-25,False,1,2551.4,706
2022-11-01,22-25,False,2,2701.7,702
2022-11-01,22-25,False,3,1119.2,288
2022-11-01,22-25,False,4,753.4,197
2022-11-01,22-25,False,5,1137.9,304
2022-11-01,22-25,True,1,285.6,73
2022-11-01,22-25,True,2,646.5,169
2022-11-01,22-25,True,3,939.6,257
2022-11-01,22-25,True,4,886.1,217
2022-11-01,22-25,True,5,1384.0,355
2022-11-01,26-30,False,1,2903.0,803
2022-11-01,26-30,False,2,2685.2,764
2022-11-01,26-30,False,3,1216.9,355
2022-11-01,26-30,False,4,1097.6,308
2022-11-01,26-30,False,5,1566.7,420
2022-11-01,26-30,True,1,345.3,91
2022-11-01,26-30,True,2,958.3,274
2022-11-01,26-30,True,3,1872.9,520
2022-11-01,26-30,True,4,1909.2,529
2022-11-01,26-30,True,5,2529.0,682
2022-11-01,31-40,False,1,5901.6,1640
2022-11-01,31-40,False,2,5036.0,1456
2022-11-01,31-40,False,3,2510.3,747
2022-11-01,31-40,False,4,2756.8,827
2022-11-01,31-40,False,5,3077.7,912
2022-11-01,31-40,True,1,714.2,209
2022-11-01,31-40,True,2,2091.6,610
2022-11-01,31-40,True,3,4110.0,1242
2022-11-01,31-40,True,4,5344.8,1545
2022-11-01,31-40,True,5,4740.2,1336
2022-11-01,41+,False,1,13230.6,3997
2022-11-01,41+,False,2,11435.6,3589
2022-11-01,41+,False,3,6428.9,2123
2022-11-01,41+,False,4,7566.7,2424
2022-11-01,41+,False,5,8310.1,2670
2022-11-01,41+,True,1,1620.3,496
2022-11-01,41+,True,2,4474.4,1359
2022-11-01,41+,True,3,9190.5,2916
2022-11-01,41+,True,4,11424.2,3550
2022-11-01,41+,True,5,9244.9,2771
2022-12-01,16-21,False,1,3390.8,954
2022-12-01,16-21,False,2,3862.3,1064
2022-12-01,16-21,False,3,946.3,269
2022-12-01,16-21,False,4,415.2,109
2022-12-01,16-21,False,5,997.2,275
2022-12-01,16-21,True,1,30.8,7
2022-12-01,16-21,True,2,40.9,9
2022-12-01,16-21,True,3,45.8,11
2022-12-01,16-21,True,4,20.6,7
2022-12-01,16-21,True,5,63.5,13
2022-12-01,22-25,False,1,2694.8,703
2022-12-01,22-25,False,2,2670.5,687
2022-12-01,22-25,False,3,1062.8,285
2022-12-01,22-25,False,4,723.0,192
2022-12-01,22-25,False,5,1116.7,286
2022-12-01,22-25,True,1,264.0,70
2022-12-01,22-25,True,2,613.4,158
2022-12-01,22-25,True,3,1078.3,279
2022-12-01,22-25,True,4,837.4,206
2022-12-01,22-25,True,5,1467.7,368
2022-12-01,26-30,False,1,2894.8,791
2022-12-01,26-30,False,2,2831.3,766
2022-12-01,26-30,False,3,1163.8,333
2022-12-01,26-30,False,4,1172.4,324
2022-12-01,26-30,False,5,1497.9,397
2022-12-01,26-30,True,1,294.3,87
2022-12-01,26-30,True,2,1020.7,271
2022-12-01,26-30,True,3,1833.2,506
2022-12-01,26-30,True,4,1828.6,496
2022-12-01,26-30,True,5,2566.8,674
2022-12-01,31-40,False,1,5651.2,1570
2022-12-01,31-40,False,2,5082.6,1448
2022-12-01,31-40,False,3,2401.5,720
2022-12-01,31-40,False,4,2904.0,832
2022-12-01,31-40,False,5,3161.2,902
2022-12-01,31-40,True,1,657.4,188
2022-12-01,31-40,True,2,2217.2,624
2022-12-01,31-40,True,3,4245.1,1218
2022-12-01,31-40,True,4,5205.7,1477
2022-12-01,31-40,True,5,4667.7,1301
2022-12-01,41+,False,1,13168.6,3894
2022-12-01,41+,False,2,11588.9,3581
2022-12-01,41+,False,3,6223.6,2052
2022-12-01,41+,False,4,7735.2,2453
2022-12-01,41+,False,5,8286.8,2646
2022-12-01,41+,True,1,1548.2,470
2022-12-01,41+,True,2,4505.3,1371
2022-12-01,41+,True,3,9189.1,2885
2022-12-01,41+,True,4,11660.1,3596
2022-12-01,41+,True,5,9326.6,2752
2023-01-01,16-21,False,1,3509.8,981
2023-01-01,16-21,False,2,3893.8,1076
2023-01-01,16-21,False,3,929.0,263
2023-01-01,16-21,False,4,520.1,124
2023-01-01,16-21,False,5,1113.8,290
2023-01-01,16-21,True,1,19.7,5
2023-01-01,16-21,True,2,48.0,10
2023-01-01,16-21,True,3,17.7,4
2023-01-01,16-21,True,4,41.4,12
2023-01-01,16-21,True,5,50.0,9
2023-01-01,22-25,False,1,2726.0,720
2023-01-01,22-25,False,2,2680.6,663
2023-01-01,22-25,False,3,1092.2,274
2023-01-01,22-25,False,4,820.4,200
2023-01-01,22-25,False,5,1070.2,275
2023-01-01,22-25,True,1,315.5,74
2023-01-01,22-25,True,2,599.8,157
2023-01-01,22-25,True,3,1092.5,275
2023-01-01,22-25,True,4,874.0,216
2023-01-01,22-25,True,5,1368.2,337
2023-01-01,26-30,False,1,3004.2,804
2023-01-01,26-30,False,2,2797.3,772
2023-01-01,26-30,False,3,1085.0,309
2023-01-01,26-30,False,4,1141.4,320
2023-01-01,26-30,False,5,1585.9,428
2023-01-01,26-30,True,1,342.8,93
2023-01-01,26-30,True,2,1056.2,283
2023-01-01,26-30,True,3,1828.5,506
2023-01-01,26-30,True,4,1832.3,503
2023-01-01,26-30,True,5,2695.3,699
2023-01-01,31-40,False,1,5469.1,1532
2023-01-01,31-40,False,2,5013.0,1430
2023-01-01,31-40,False,3,2380.9,726
2023-01-01,31-40,False,4,3009.0,869
2023-01-01,31-40,False,5,3172.5,918
2023-01-01,31-40,True,1,739.2,202
2023-01-01,31-40,True,2,2167.2,630
2023-01-01,31-40,True,3,4297.2,1274
2023-01-01,31-40,True,4,4982.3,1448
2023-01-01,31-40,True,5,4762.1,1328
2023-01-01,41+,False,1,12664.4,3840
2023-01-01,41+,False,2,11925.0,3656
2023-01-01,41+,False,3,6150.1,2070
2023-01-01,41+,False,4,7903.4,2526
2023-01-01,41+,False,5,8401.6,2707
2023-01-01,41+,True,1,1515.5,460
2023-01-01,41+,True,2,4294.5,1352
2023-01-01,41+,True,3,9089.1,2892
2023-01-01,41+,True,4,11424.2,3524
2023-01-01,41+,True,5,9179.8,2726
2023-02-01,16-21,False,1,3372.9,914
2023-02-01,16-21,False,2,3937.7,1026
2023-02-01,16-21,False,3,884.2,234
2023-02-01,16-21,False,4,505.3,124
2023-02-01,16-21,False,5,1133.4,294
2023-02-01,16-21,True,1,21.0,8
2023-02-01,16-21,True,2,76.3,17
2023-02-01,16-21,True,3,33.0,7
2023-02-01,16-21,True,4,43.0,9
2023-02-01,16-21,True,5,70.0,12
2023-02-01,22-25,False,1,2939.6,737
2023-02-01,22-25,False,2,2644.5,627
2023-02-01,22-25,False,3,1012.3,257
2023-02-01,22-25,False,4,823.0,201
2023-02-01,22-25,False,5,1133.1,267
2023-02-01,22-25,True,1,350.5,80
2023-02-01,22-25,True,2,647.4,162
2023-02-01,22-25,True,3,1136.5,280
2023-02-01,22-25,True,4,912.1,216
2023-02-01,22-25,True,5,1470.6,338
2023-02-01,26-30,False,1,2979.7,777
2023-02-01,26-30,False,2,2867.5,772
2023-02-01,26-30,False,3,1030.3,294
2023-02-01,26-30,False,4,1119.7,297
2023-02-01,26-30,False,5,1571.6,400
2023-02-01,26-30,True,1,382.9,97
2023-02-01,26-30,True,2,1057.0,280
2023-02-01,26-30,True,3,2000.7,533
2023-02-01,26-30,True,4,1980.6,496
2023-02-01,26-30,True,5,2587.5,662
2023-02-01,31-40,False,1,5640.3,1540
2023-02-01,31-40,False,2,5128.2,1428
2023-02-01,31-40,False,3,2251.8,672
2023-02-01,31-40,False,4,3011.7,851
2023-02-01,31-40,False,5,3037.9,861
2023-02-01,31-40,True,1,700.2,192
2023-02-01,31-40,True,2,2229.7,637
2023-02-01,31-40,True,3,4353.8,1254
2023-02-01,31-40,True,4,5140.0,1429
2023-02-01,31-40,True,5,4983.5,1364
2023-02-01,41+,False,1,12728.7,3807
2023-02-01,41+,False,2,11594.3,3533
2023-02-01,41+,False,3,6366.1,2071
2023-02-01,41+,False,4,7707.5,2436
2023-02-01,41+,False,5,8458.6,2685
2023-02-01,41+,True,1,1533.3,460
2023-02-01,41+,True,2,4350.7,1314
2023-02-01,41+,True,3,9039.0,2855
2023-02-01,41+,True,4,11469.5,3467
2023-02-01,41+,True,5,9264.1,2679
2023-03-01,16-21,False,1,3658.2,976
2023-03-01,16-21,False,2,3814.0,1010
2023-03-01,16-21,False,3,1018.8,254
2023-03-01,16-21,False,4,505.6,125
2023-03-01,16-21,False,5,1214.6,301
2023-03-01,16-21,True,1,23.4,6
2023-03-01,16-21,True,2,60.2,13
2023-03-01,16-21,True,3,46.5,10
2023-03-01,16-21,True,4,24.3,5
2023-03-01,16-21,True,5,47.2,8
2023-03-01,22-25,False,1,2825.9,707
2023-03-01,22-25,False,2,2688.7,621
2023-03-01,22-25,False,3,950.3,253
2023-03-01,22-25,False,4,943.4,222
2023-03-01,22-25,False,5,1118.4,267
2023-03-01,22-25,True,1,385.1,83
2023-03-01,22-25,True,2,675.8,167
2023-03-01,22-25,True,3,1144.1,271
2023-03-01,22-25,True,4,840.2,190
2023-03-01,22-25,True,5,1497.8,347
2023-03-01,26-30,False,1,3131.5,790
2023-03-01,26-30,False,2,2717.5,735
2023-03-01,26-30,False,3,1115.0,308
2023-03-01,26-30,False,4,1113.5,289
2023-03-01,26-30,False,5,1454.4,374
2023-03-01,26-30,True,1,367.7,93
2023-03-01,26-30,True,2,1069.1,266
2023-03-01,26-30,True,3,1980.6,526
2023-03-01,26-30,True,4,1936.8,500
2023-03-01,26-30,True,5,2682.7,673
2023-03-01,31-40,False,1,5552.1,1481
2023-03-01,31-40,False,2,5247.2,1428
2023-03-01,31-40,False,3,2403.6,690
2023-03-01,31-40,False,4,3020.9,845
2023-03-01,31-40,False,5,2956.4,825
2023-03-01,31-40,True,1,726.4,191
2023-03-01,31-40,True,2,2158.7,601
2023-03-01,31-40,True,3,4410.0,1243
2023-03-01,31-40,True,4,5238.0,1406
2023-03-01,31-40,True,5,4918.1,1315
2023-03-01,41+,False,1,12821.7,3777
2023-03-01,41+,False,2,11389.9,3443
2023-03-01,41+,False,3,6517.4,2087
2023-03-01,41+,False,4,7802.7,2398
2023-03-01,41+,False,5,8629.9,2687
2023-03-01,41+,True,1,1476.8,442
2023-03-01,41+,True,2,4442.1,1330
2023-03-01,41+,True,3,9315.1,2921
2023-03-01,41+,True,4,11619.5,3489
2023-03-01,41+,True,5,9042.9,2597
2023-04-01,16-21,False,1,3634.0,1031
2023-04-01,16-21,False,2,3823.3,1049
2023-04-01,16-21,False,3,1010.3,257
2023-04-01,16-21,False,4,582.3,144
2023-04-01,16-21,False,5,1236.6,312
2023-04-01,16-21,True,1,16.0,4
2023-04-01,16-21,True,2,41.8,8
2023-04-01,16-21,True,3,29.4,7
2023-04-01,16-21,True,4,26.6,6
2023-04-01,16-21,True,5,41.5,8
2023-04-01,22-25,False,1,2925.4,730
2023-04-01,22-25,False,2,2784.4,667
2023-04-01,22-25,False,3,969.3,261
2023-04-01,22-25,False,4,888.6,230
2023-04-01,22-25,False,5,1269.6,302
2023-04-01,22-25,True,1,326.4,75
2023-04-01,22-25,True,2,602.1,145
2023-04-01,22-25,True,3,1018.0,269
2023-04-01,22-25,True,4,833.8,207
2023-04-01,22-25,True,5,1313.4,324
2023-04-01,26-30,False,1,2981.4,803
2023-04-01,26-30,False,2,2623.4,725
2023-04-01,26-30,False,3,1155.2,335
2023-04-01,26-30,False,4,1057.2,294
2023-04-01,26-30,False,5,1520.1,405
2023-04-01,26-30,True,1,299.8,84
2023-04-01,26-30,True,2,1015.3,284
2023-04-01,26-30,True,3,2149.4,587
2023-04-01,26-30,True,4,2088.7,553
2023-04-01,26-30,True,5,2710.7,696
2023-04-01,31-40,False,1,5724.5,1609
2023-04-01,31-40,False,2,5332.4,1498
2023-04-01,31-40,False,3,2427.9,730
2023-04-01,31-40,False,4,2943.3,857
2023-04-01,31-40,False,5,2999.4,870
2023-04-01,31-40,True,1,645.1,186
2023-04-01,31-40,True,2,2209.7,619
2023-04-01,31-40,True,3,4216.6,1262
2023-04-01,31-40,True,4,5255.1,1510
2023-04-01,31-40,True,5,5050.6,1386
2023-04-01,41+,False,1,13050.0,3962
2023-04-01,41+,False,2,11793.7,3715
2023-04-01,41+,False,3,6438.9,2144
2023-04-01,41+,False,4,7778.4,2498
2023-04-01,41+,False,5,8260.4,2694
2023-04-01,41+,True,1,1436.2,450
2023-04-01,41+,True,2,4422.3,1359
2023-04-01,41+,True,3,9232.0,3019
2023-04-01,41+,True,4,11628.5,3636
2023-04-01,41+,True,5,9256.0,2763
2023-05-01,16-21,False,1,3567.3,1043
2023-05-01,16-21,False,2,3901.0,1076
2023-05-01,16-21,False,3,1111.8,296
2023-05-01,16-21,False,4,552.1,138
2023-05-01,16-21,False,5,1159.9,294
2023-05-01,16-21,True,1,8.3,3
2023-05-01,16-21,True,2,32.0,7
2023-05-01,16-21,True,3,64.5,14
2023-05-01,16-21,True,4,36.8,7
2023-05-01,16-21,True,5,36.0,10
2023-05-01,22-25,False,1,2937.1,742
2023-05-01,22-25,False,2,2769.3,691
2023-05-01,22-25,False,3,1001.8,274
2023-05-01,22-25,False,4,834.9,227
2023-05-01,22-25,False,5,1252.9,305
2023-05-01,22-25,True,1,281.1,74
2023-05-01,22-25,True,2,760.8,180
2023-05-01,22-25,True,3,1098.3,295
2023-05-01,22-25,True,4,772.3,200
2023-05-01,22-25,True,5,1346.8,332
2023-05-01,26-30,False,1,3015.3,798
2023-05-01,26-30,False,2,2667.0,740
2023-05-01,26-30,False,3,1129.1,331
2023-05-01,26-30,False,4,1033.7,293
2023-05-01,26-30,False,5,1484.6,402
2023-05-01,26-30,True,1,336.6,92
2023-05-01,26-30,True,2,1022.3,287
2023-05-01,26-30,True,3,2112.8,580
2023-05-01,26-30,True,4,2087.6,548
2023-05-01,26-30,True,5,2534.5,672
2023-05-01,31-40,False,1,5758.2,1650
2023-05-01,31-40,False,2,5412.7,1526
2023-05-01,31-40,False,3,2407.9,732
2023-05-01,31-40,False,4,2806.5,843
2023-05-01,31-40,False,5,3191.5,914
2023-05-01,31-40,True,1,680.3,189
2023-05-01,31-40,True,2,2168.0,622
2023-05-01,31-40,True,3,4235.8,1260
2023-05-01,31-40,True,4,5163.1,1523
2023-05-01,31-40,True,5,5032.0,1395
2023-05-01,41+,False,1,13094.4,4087
2023-05-01,41+,False,2,11637.7,3685
2023-05-01,41+,False,3,6250.2,2106
2023-05-01,41+,False,4,7636.6,2484
2023-05-01,41+,False,5,8386.8,2756
2023-05-01,41+,True,1,1419.9,454
2023-05-01,41+,True,2,4281.7,1345
2023-05-01,41+,True,3,9431.6,3067
2023-05-01,41+,True,4,11757.1,3689
2023-05-01,41+,True,5,9301.8,2815
2023-06-01,16-21,False,1,4080.2,1225
2023-06-01,16-21,False,2,4280.9,1207
2023-06-01,16-21,False,3,1041.4,278
2023-06-01,16-21,False,4,587.1,143
2023-06-01,16-21,False,5,1477.7,370
2023-06-01,16-21,True,1,19.2,6
2023-06-01,16-21,True,2,48.9,13
2023-06-01,16-21,True,3,69.4,15
2023-06-01,16-21,True,4,44.6,11
2023-06-01,16-21,True,5,43.1,11
2023-06-01,22-25,False,1,2869.1,749
2023-06-01,22-25,False,2,2759.5,687
2023-06-01,22-25,False,3,979.7,258
2023-06-01,22-25,False,4,810.8,221
2023-06-01,22-25,False,5,1358.9,328
2023-06-01,22-25,True,1,247.1,68
2023-06-01,22-25,True,2,800.9,190
2023-06-01,22-25,True,3,1026.2,262
2023-06-01,22-25,True,4,900.6,222
2023-06-01,22-25,True,5,1328.4,329
2023-06-01,26-30,False,1,2884.1,779
2023-06-01,26-30,False,2,2572.7,717
2023-06-01,26-30,False,3,1174.3,332
2023-06-01,26-30,False,4,1032.1,280
2023-06-01,26-30,False,5,1453.1,389
2023-06-01,26-30,True,1,366.3,103
2023-06-01,26-30,True,2,1047.0,270
2023-06-01,26-30,True,3,2067.7,560
2023-06-01,26-30,True,4,2043.2,531
2023-06-01,26-30,True,5,2446.4,639
2023-06-01,31-40,False,1,5733.4,1640
2023-06-01,31-40,False,2,5398.5,1507
2023-06-01,31-40,False,3,2708.8,786
2023-06-01,31-40,False,4,2871.6,822
2023-06-01,31-40,False,5,3018.8,883
2023-06-01,31-40,True,1,720.0,195
2023-06-01,31-40,True,2,2215.2,628
2023-06-01,31-40,True,3,4148.7,1235
2023-06-01,31-40,True,4,5179.5,1503
2023-06-01,31-40,True,5,4798.4,1333
2023-06-01,41+,False,1,13000.9,4061
2023-06-01,41+,False,2,11838.1,3721
2023-06-01,41+,False,3,6268.7,2083
2023-06-01,41+,False,4,7568.1,2479
2023-06-01,41+,False,5,8214.9,2688
2023-06-01,41+,True,1,1488.3,466
2023-06-01,41+,True,2,4341.7,1348
2023-06-01,41+,True,3,9204.8,2957
2023-06-01,41+,True,4,11942.4,3694
2023-06-01,41+,True,5,9037.5,2751
2023-07-01,16-21,False,1,4215.6,1245
2023-07-01,16-21,False,2,4322.4,1250
2023-07-01,16-21,False,3,1063.9,303
2023-07-01,16-21,False,4,575.4,154
2023-07-01,16-21,False,5,1516.0,396
2023-07-01,16-21,True,1,22.0,6
2023-07-01,16-21,True,2,66.5,16
2023-07-01,16-21,True,3,52.3,12
2023-07-01,16-21,True,4,64.6,17
2023-07-01,16-21,True,5,98.4,21
2023-07-01,22-25,False,1,2794.6,734
2023-07-01,22-25,False,2,2653.5,654
2023-07-01,22-25,False,3,1055.1,279
2023-07-01,22-25,False,4,804.7,215
2023-07-01,22-25,False,5,1345.6,327
2023-07-01,22-25,True,1,282.7,74
2023-07-01,22-25,True,2,761.2,187
2023-07-01,22-25,True,3,1068.9,256
2023-07-01,22-25,True,4,998.8,252
2023-07-01,22-25,True,5,1406.3,334
2023-07-01,26-30,False,1,2909.4,795
2023-07-01,26-30,False,2,2554.0,700
2023-07-01,26-30,False,3,1126.3,317
2023-07-01,26-30,False,4,1025.6,279
2023-07-01,26-30,False,5,1509.3,400
2023-07-01,26-30,True,1,385.3,103
2023-07-01,26-30,True,2,1116.7,295
2023-07-01,26-30,True,3,1963.7,523
2023-07-01,26-30,True,4,2105.0,556
2023-07-01,26-30,True,5,2341.7,609
2023-07-01,31-40,False,1,5537.9,1610
2023-07-01,31-40,False,2,5471.9,1531
2023-07-01,31-40,False,3,2577.8,747
2023-07-01,31-40,False,4,2930.8,863
2023-07-01,31-40,False,5,3136.9,917
2023-07-01,31-40,True,1,758.3,220
2023-07-01,31-40,True,2,2276.4,642
2023-07-01,31-40,True,3,4145.3,1253
2023-07-01,31-40,True,4,5175.6,1538
2023-07-01,31-40,True,5,4814.0,1372
2023-07-01,41+,False,1,13101.8,4033
2023-07-01,41+,False,2,11658.7,3657
2023-07-01,41+,False,3,5946.3,2009
2023-07-01,41+,False,4,7634.2,2452
2023-07-01,41+,False,5,8020.5,2595
2023-07-01,41+,True,1,1527.3,478
2023-07-01,41+,True,2,4438.9,1372
2023-07-01,41+,True,3,9279.6,2943
2023-07-01,41+,True,4,11989.4,3702
2023-07-01,41+,True,5,9354.7,2773
2023-08-01,16-21,False,1,4026.5,1216
2023-08-01,16-21,False,2,4148.7,1202
2023-08-01,16-21,False,3,1037.3,294
2023-08-01,16-21,False,4,553.3,151
2023-08-01,16-21,False,5,1393.4,370
2023-08-01,16-21,True,1,20.3,4
2023-08-01,16-21,True,2,61.1,15
2023-08-01,16-21,True,3,48.9,11
2023-08-01,16-21,True,4,60.1,17
2023-08-01,16-21,True,5,66.8,16
2023-08-01,22-25,False,1,2828.3,745
2023-08-01,22-25,False,2,2710.1,692
2023-08-01,22-25,False,3,947.4,254
2023-08-01,22-25,False,4,832.2,229
2023-08-01,22-25,False,5,1211.8,322
2023-08-01,22-25,True,1,267.7,69
2023-08-01,22-25,True,2,736.2,200
2023-08-01,22-25,True,3,1040.4,263
2023-08-01,22-25,True,4,920.0,247
2023-08-01,22-25,True,5,1246.8,326
2023-08-01,26-30,False,1,3039.5,852
2023-08-01,26-30,False,2,2677.8,755
2023-08-01,26-30,False,3,1136.3,309
2023-08-01,26-30,False,4,1099.1,309
2023-08-01,26-30,False,5,1624.7,426
2023-08-01,26-30,True,1,383.1,105
2023-08-01,26-30,True,2,1027.3,283
2023-08-01,26-30,True,3,1688.9,491
2023-08-01,26-30,True,4,2055.2,555
2023-08-01,26-30,True,5,2464.9,652
2023-08-01,31-40,False,1,5672.6,1661
2023-08-01,31-40,False,2,5293.0,1537
2023-08-01,31-40,False,3,2504.5,739
2023-08-01,31-40,False,4,2888.1,850
2023-08-01,31-40,False,5,3134.6,925
2023-08-01,31-40,True,1,769.6,219
2023-08-01,31-40,True,2,2287.7,630
2023-08-01,31-40,True,3,4201.6,1284
2023-08-01,31-40,True,4,5273.2,1553
2023-08-01,31-40,True,5,4804.8,1373
2023-08-01,41+,False,1,13282.8,4114
2023-08-01,41+,False,2,11732.9,3712
2023-08-01,41+,False,3,6183.6,2059
2023-08-01,41+,False,4,7735.9,2520
2023-08-01,41+,False,5,8057.2,2662
2023-08-01,41+,True,1,1554.0,475
2023-08-01,41+,True,2,4238.0,1335
2023-08-01,41+,True,3,9518.6,3010
2023-08-01,41+,True,4,11904.1,3712
2023-08-01,41+,True,5,9035.8,2718
2023-09-01,16-21,False,1,3702.5,1090
2023-09-01,16-21,False,2,3689.4,1049
2023-09-01,16-21,False,3,1045.5,283
2023-09-01,16-21,False,4,565.0,143
2023-09-01,16-21,False,5,1200.2,309
2023-09-01,16-21,True,1,18.0,6
2023-09-01,16-21,True,2,43.0,11
2023-09-01,16-21,True,3,44.5,13
2023-09-01,16-21,True,4,31.7,9
2023-09-01,16-21,True,5,58.9,12
2023-09-01,22-25,False,1,2760.3,716
2023-09-01,22-25,False,2,2705.0,685
2023-09-01,22-25,False,3,1017.6,261
2023-09-01,22-25,False,4,829.0,217
2023-09-01,22-25,False,5,1151.4,304
2023-09-01,22-25,True,1,268.5,67
2023-09-01,22-25,True,2,652.6,168
2023-09-01,22-25,True,3,1168.2,282
2023-09-01,22-25,True,4,955.4,235
2023-09-01,22-25,True,5,1233.8,311
2023-09-01,26-30,False,1,2962.7,808
2023-09-01,26-30,False,2,2859.9,764
2023-09-01,26-30,False,3,1218.5,317
2023-09-01,26-30,False,4,1176.4,302
2023-09-01,26-30,False,5,1585.4,408
2023-09-01,26-30,True,1,374.3,98
2023-09-01,26-30,True,2,996.8,263
2023-09-01,26-30,True,3,1799.7,498
2023-09-01,26-30,True,4,2051.1,545
2023-09-01,26-30,True,5,2510.4,652
2023-09-01,31-40,False,1,5616.6,1597
2023-09-01,31-40,False,2,5315.7,1483
2023-09-01,31-40,False,3,2573.3,729
2023-09-01,31-40,False,4,2858.1,846
2023-09-01,31-40,False,5,3048.7,871
2023-09-01,31-40,True,1,740.4,201
2023-09-01,31-40,True,2,2102.5,572
2023-09-01,31-40,True,3,4457.7,1318
2023-09-01,31-40,True,4,5362.0,1515
2023-09-01,31-40,True,5,4775.5,1315
2023-09-01,41+,False,1,13358.4,4093
2023-09-01,41+,False,2,11882.4,3678
2023-09-01,41+,False,3,6245.3,2035
2023-09-01,41+,False,4,7792.3,2496
2023-09-01,41+,False,5,8365.3,2705
2023-09-01,41+,True,1,1634.2,503
2023-09-01,41+,True,2,4235.2,1326
2023-09-01,41+,True,3,9305.4,2955
2023-09-01,41+,True,4,12366.5,3802
2023-09-01,41+,True,5,8958.1,2695
2023-10-01,16-21,False,1,3623.2,1069
2023-10-01,16-21,False,2,3895.4,1100
2023-10-01,16-21,False,3,1101.2,299
2023-10-01,16-21,False,4,564.6,150
2023-10-01,16-21,False,5,1239.7,339
2023-10-01,16-21,True,1,25.6,8
2023-10-01,16-21,True,2,26.2,8
2023-10-01,16-21,True,3,44.0,15
2023-10-01,16-21,True,4,48.1,11
2023-10-01,16-21,True,5,39.6,12
2023-10-01,22-25,False,1,2873.7,761
2023-10-01,22-25,False,2,2941.4,747
2023-10-01,22-25,False,3,920.9,244
2023-10-01,22-25,False,4,783.6,207
2023-10-01,22-25,False,5,1119.0,310
2023-10-01,22-25,True,1,289.6,66
2023-10-01,22-25,True,2,708.8,182
2023-10-01,22-25,True,3,974.7,255
2023-10-01,22-25,True,4,952.5,228
2023-10-01,22-25,True,5,1274.2,344
2023-10-01,26-30,False,1,2987.6,832
2023-10-01,26-30,False,2,2864.1,795
2023-10-01,26-30,False,3,1157.5,317
2023-10-01,26-30,False,4,1090.5,299
2023-10-01,26-30,False,5,1579.8,419
2023-10-01,26-30,True,1,402.3,108
2023-10-01,26-30,True,2,1067.8,288
2023-10-01,26-30,True,3,1830.5,516
2023-10-01,26-30,True,4,2071.7,559
2023-10-01,26-30,True,5,2508.6,673
2023-10-01,31-40,False,1,5601.1,1633
2023-10-01,31-40,False,2,5314.2,1550
2023-10-01,31-40,False,3,2359.4,725
2023-10-01,31-40,False,4,2806.4,841
2023-10-01,31-40,False,5,3004.5,896
2023-10-01,31-40,True,1,752.5,198
2023-10-01,31-40,True,2,2128.9,625
2023-10-01,31-40,True,3,4361.7,1346
2023-10-01,31-40,True,4,5196.2,1526
2023-10-01,31-40,True,5,4988.9,1423
2023-10-01,41+,False,1,13283.6,4141
2023-10-01,41+,False,2,11844.6,3734
2023-10-01,41+,False,3,6153.3,2083
2023-10-01,41+,False,4,7695.6,2498
2023-10-01,41+,False,5,8380.2,2722
2023-10-01,41+,True,1,1558.2,480
2023-10-01,41+,True,2,4398.7,1401
2023-10-01,41+,True,3,9502.2,3085
2023-10-01,41+,True,4,12080.5,3836
2023-10-01,41+,True,5,9259.1,2820
2023-11-01,16-21,False,1,3728.7,1049
2023-11-01,16-21,False,2,3933.2,1062
2023-11-01,16-21,False,3,1161.8,309
2023-11-01,16-21,False,4,545.4,142
2023-11-01,16-21,False,5,1302.5,332
2023-11-01,16-21,True,1,21.9,8
2023-11-01,16-21,True,2,26.1,8
2023-11-01,16-21,True,3,18.1,6
2023-11-01,16-21,True,4,27.4,7
2023-11-01,16-21,True,5,49.6,14
2023-11-01,22-25,False,1,3123.7,779
2023-11-01,22-25,False,2,2681.2,676
2023-11-01,22-25,False,3,1004.1,259
2023-11-01,22-25,False,4,800.0,202
2023-11-01,22-25,False,5,1153.9,299
2023-11-01,22-25,True,1,341.9,73
2023-11-01,22-25,True,2,645.8,157
2023-11-01,22-25,True,3,998.2,257
2023-11-01,22-25,True,4,836.5,193
2023-11-01,22-25,True,5,1159.0,315
2023-11-01,26-30,False,1,2956.0,792
2023-11-01,26-30,False,2,2800.2,757
2023-11-01,26-30,False,3,1268.9,341
2023-11-01,26-30,False,4,1126.4,312
2023-11-01,26-30,False,5,1664.0,442
2023-11-01,26-30,True,1,406.8,102
2023-11-01,26-30,True,2,1050.4,288
2023-11-01,26-30,True,3,1893.1,517
2023-11-01,26-30,True,4,1904.3,543
2023-11-01,26-30,True,5,2573.4,673
2023-11-01,31-40,False,1,5736.5,1628
2023-11-01,31-40,False,2,5368.9,1496
2023-11-01,31-40,False,3,2406.6,731
2023-11-01,31-40,False,4,2785.2,816
2023-11-01,31-40,False,5,2945.6,870
2023-11-01,31-40,True,1,699.6,187
2023-11-01,31-40,True,2,2198.9,629
2023-11-01,31-40,True,3,4313.2,1305
2023-11-01,31-40,True,4,5287.8,1492
2023-11-01,31-40,True,5,4928.4,1386
2023-11-01,41+,False,1,13349.5,4016
2023-11-01,41+,False,2,11752.6,3640
2023-11-01,41+,False,3,6281.9,2074
2023-11-01,41+,False,4,7905.7,2520
2023-11-01,41+,False,5,8314.8,2657
2023-11-01,41+,True,1,1553.9,480
2023-11-01,41+,True,2,4470.4,1387
2023-11-01,41+,True,3,9420.7,2975
2023-11-01,41+,True,4,12089.9,3707
2023-11-01,41+,True,5,9136.9,2744
2023-12-01,16-21,False,1,3441.8,976
2023-12-01,16-21,False,2,3835.8,1028
2023-12-01,16-21,False,3,1097.6,316
2023-12-01,16-21,False,4,478.2,123
2023-12-01,16-21,False,5,1301.2,327
2023-12-01,16-21,True,1,15.9,8
2023-12-01,16-21,True,2,45.1,11
2023-12-01,16-21,True,3,24.1,8
2023-12-01,16-21,True,4,33.3,8
2023-12-01,16-21,True,5,37.9,12
2023-12-01,22-25,False,1,2867.3,737
2023-12-01,22-25,False,2,2898.0,709
2023-12-01,22-25,False,3,1089.8,284
2023-12-01,22-25,False,4,710.1,186
2023-12-01,22-25,False,5,1256.2,306
2023-12-01,22-25,True,1,330.0,72
2023-12-01,22-25,True,2,673.4,162
2023-12-01,22-25,True,3,1093.2,280
2023-12-01,22-25,True,4,821.4,191
2023-12-01,22-25,True,5,1184.7,314
2023-12-01,26-30,False,1,2978.1,787
2023-12-01,26-30,False,2,2823.3,756
2023-12-01,26-30,False,3,1227.2,340
2023-12-01,26-30,False,4,1135.0,321
2023-12-01,26-30,False,5,1488.6,408
2023-12-01,26-30,True,1,363.9,90
2023-12-01,26-30,True,2,1112.6,294
2023-12-01,26-30,True,3,1976.2,538
2023-12-01,26-30,True,4,1998.6,547
2023-12-01,26-30,True,5,2572.6,681
2023-12-01,31-40,False,1,5735.1,1634
2023-12-01,31-40,False,2,5251.0,1459
2023-12-01,31-40,False,3,2534.4,781
2023-12-01,31-40,False,4,2724.1,800
2023-12-01,31-40,False,5,2898.7,885
2023-12-01,31-40,True,1,779.9,206
2023-12-01,31-40,True,2,2165.2,621
2023-12-01,31-40,True,3,4422.5,1333
2023-12-01,31-40,True,4,5296.5,1509
2023-12-01,31-40,True,5,4797.2,1382
2023-12-01,41+,False,1,12776.4,3796
2023-12-01,41+,False,2,11695.6,3564
2023-12-01,41+,False,3,6505.3,2114
2023-12-01,41+,False,4,7691.7,2463
2023-12-01,41+,False,5,8231.5,2600
2023-12-01,41+,True,1,1604.9,482
2023-12-01,41+,True,2,4591.4,1415
2023-12-01,41+,True,3,9143.5,2913
2023-12-01,41+,True,4,11727.2,3572
2023-12-01,41+,True,5,9270.7,2752
2024-01-01,16-21,False,1,3389.3,963
2024-01-01,16-21,False,2,3669.8,994
2024-01-01,16-21,False,3,1151.1,308
2024-01-01,16-21,False,4,437.1,117
2024-01-01,16-21,False,5,1108.3,296
2024-01-01,16-21,True,1,12.1,8
2024-01-01,16-21,True,2,35.7,12
2024-01-01,16-21,True,3,33.7,11
2024-01-01,16-21,True,4,33.3,9
2024-01-01,16-21,True,5,34.5,10
2024-01-01,22-25,False,1,2729.1,736
2024-01-01,22-25,False,2,2714.2,684
2024-01-01,22-25,False,3,1153.2,287
2024-01-01,22-25,False,4,681.8,195
2024-01-01,22-25,False,5,1228.5,313
2024-01-01,22-25,True,1,346.2,87
2024-01-01,22-25,True,2,603.4,153
2024-01-01,22-25,True,3,1003.4,270
2024-01-01,22-25,True,4,848.6,203
2024-01-01,22-25,True,5,1272.1,328
2024-01-01,26-30,False,1,2852.3,760
2024-01-01,26-30,False,2,2684.4,730
2024-01-01,26-30,False,3,1194.5,331
2024-01-01,26-30,False,4,1238.3,338
2024-01-01,26-30,False,5,1406.8,374
2024-01-01,26-30,True,1,350.2,91
2024-01-01,26-30,True,2,1110.2,309
2024-01-01,26-30,True,3,1924.8,522
2024-01-01,26-30,True,4,1984.5,548
2024-01-01,26-30,True,5,2539.2,657
2024-01-01,31-40,False,1,5532.9,1582
2024-01-01,31-40,False,2,5151.3,1443
2024-01-01,31-40,False,3,2587.9,782
2024-01-01,31-40,False,4,2854.0,821
2024-01-01,31-40,False,5,3052.9,894
2024-01-01,31-40,True,1,803.1,210
2024-01-01,31-40,True,2,2149.0,628
2024-01-01,31-40,True,3,4437.0,1381
2024-01-01,31-40,True,4,5356.2,1526
2024-01-01,31-40,True,5,4825.4,1404
2024-01-01,41+,False,1,12493.8,3684
2024-01-01,41+,False,2,11714.3,3518
2024-01-01,41+,False,3,6782.5,2174
2024-01-01,41+,False,4,7760.7,2487
2024-01-01,41+,False,5,8399.8,2632
2024-01-01,41+,True,1,1513.8,455
2024-01-01,41+,True,2,4589.2,1393
2024-01-01,41+,True,3,9300.0,2953
2024-01-01,41+,True,4,11240.5,3489
2024-01-01,41+,True,5,9335.1,2765
2024-02-01,16-21,False,1,3335.7,932
2024-02-01,16-21,False,2,3705.2,999
2024-02-01,16-21,False,3,1044.3,297
2024-02-01,16-21,False,4,453.7,120
2024-02-01,16-21,False,5,1091.8,301
2024-02-01,16-21,True,1,26.5,10
2024-02-01,16-21,True,2,76.6,16
2024-02-01,16-21,True,3,67.7,17
2024-02-01,16-21,True,4,51.2,13
2024-02-01,16-21,True,5,67.8,12
2024-02-01,22-25,False,1,2767.5,726
2024-02-01,22-25,False,2,2576.4,650
2024-02-01,22-25,False,3,1172.1,310
2024-02-01,22-25,False,4,640.0,182
2024-02-01,22-25,False,5,1255.2,319
2024-02-01,22-25,True,1,280.6,70
2024-02-01,22-25,True,2,650.1,160
2024-02-01,22-25,True,3,1080.3,287
2024-02-01,22-25,True,4,808.3,207
2024-02-01,22-25,True,5,1344.7,339
2024-02-01,26-30,False,1,2769.6,754
2024-02-01,26-30,False,2,2656.1,712
2024-02-01,26-30,False,3,1223.4,334
2024-02-01,26-30,False,4,1174.3,332
2024-02-01,26-30,False,5,1485.7,392
2024-02-01,26-30,True,1,302.1,77
2024-02-01,26-30,True,2,1172.2,308
2024-02-01,26-30,True,3,1858.2,520
2024-02-01,26-30,True,4,1997.2,546
2024-02-01,26-30,True,5,2527.9,664
2024-02-01,31-40,False,1,5690.1,1622
2024-02-01,31-40,False,2,5105.4,1428
2024-02-01,31-40,False,3,2625.7,787
2024-02-01,31-40,False,4,2746.1,795
2024-02-01,31-40,False,5,3035.5,879
2024-02-01,31-40,True,1,763.1,208
2024-02-01,31-40,True,2,2255.6,644
2024-02-01,31-40,True,3,4566.0,1383
2024-02-01,31-40,True,4,5351.6,1534
2024-02-01,31-40,True,5,4874.3,1417
2024-02-01,41+,False,1,13020.4,3909
2024-02-01,41+,False,2,12185.8,3664
2024-02-01,41+,False,3,6589.7,2137
2024-02-01,41+,False,4,7488.5,2444
2024-02-01,41+,False,5,8344.4,2654
2024-02-01,41+,True,1,1649.9,498
2024-02-01,41+,True,2,4528.2,1380
2024-02-01,41+,True,3,9419.8,2979
2024-02-01,41+,True,4,11224.1,3468
2024-02-01,41+,True,5,9188.7,2747
2024-03-01,16-21,False,1,3419.2,924
2024-03-01,16-21,False,2,3937.6,1015
2024-03-01,16-21,False,3,1080.8,290
2024-03-01,16-21,False,4,498.4,131
2024-03-01,16-21,False,5,1134.5,287
2024-03-01,16-21,True,1,14.8,9
2024-03-01,16-21,True,2,78.2,15
2024-03-01,16-21,True,3,88.2,17
2024-03-01,16-21,True,4,29.6,8
2024-03-01,16-21,True,5,68.5,16
2024-03-01,22-25,False,1,2815.6,720
2024-03-01,22-25,False,2,2711.1,667
2024-03-01,22-25,False,3,1033.9,264
2024-03-01,22-25,False,4,763.5,194
2024-03-01,22-25,False,5,1088.8,272
2024-03-01,22-25,True,1,276.4,67
2024-03-01,22-25,True,2,595.9,146
2024-03-01,22-25,True,3,1116.1,289
2024-03-01,22-25,True,4,863.3,203
2024-03-01,22-25,True,5,1424.8,335
2024-03-01,26-30,False,1,2702.7,720
2024-03-01,26-30,False,2,2726.2,695
2024-03-01,26-30,False,3,1292.8,318
2024-03-01,26-30,False,4,1220.6,308
2024-03-01,26-30,False,5,1403.3,355
2024-03-01,26-30,True,1,310.5,70
2024-03-01,26-30,True,2,1052.2,267
2024-03-01,26-30,True,3,1878.0,499
2024-03-01,26-30,True,4,2052.2,537
2024-03-01,26-30,True,5,2412.9,608
2024-03-01,31-40,False,1,6152.9,1612
2024-03-01,31-40,False,2,4976.1,1339
2024-03-01,31-40,False,3,2336.4,666
2024-03-01,31-40,False,4,2767.2,774
2024-03-01,31-40,False,5,3177.4,850
2024-03-01,31-40,True,1,759.6,194
2024-03-01,31-40,True,2,2256.6,598
2024-03-01,31-40,True,3,4576.7,1306
2024-03-01,31-40,True,4,5280.8,1455
2024-03-01,31-40,True,5,4898.6,1355
2024-03-01,41+,False,1,13057.5,3800
2024-03-01,41+,False,2,11910.6,3501
2024-03-01,41+,False,3,6396.4,1993
2024-03-01,41+,False,4,7834.3,2428
2024-03-01,41+,False,5,8285.1,2541
2024-03-01,41+,True,1,1620.2,471
2024-03-01,41+,True,2,4652.0,1355
2024-03-01,41+,True,3,9747.9,3003
2024-03-01,41+,True,4,11327.2,3406
2024-03-01,41+,True,5,9252.8,2711
2024-04-01,16-21,False,1,3572.0,980
2024-04-01,16-21,False,2,4088.4,1093
2024-04-01,16-21,False,3,1072.7,297
2024-04-01,16-21,False,4,405.5,122
2024-04-01,16-21,False,5,1062.0,286
2024-04-01,16-21,True,1,32.3,8
2024-04-01,16-21,True,2,43.5,12
2024-04-01,16-21,True,3,46.6,10
2024-04-01,16-21,True,4,4.4,3
2024-04-01,16-21,True,5,77.4,22
2024-04-01,22-25,False,1,2795.2,731
2024-04-01,22-25,False,2,2781.7,706
2024-04-01,22-25,False,3,1104.1,279
2024-04-01,22-25,False,4,773.0,210
2024-04-01,22-25,False,5,1164.9,307
2024-04-01,22-25,True,1,305.4,66
2024-04-01,22-25,True,2,629.8,158
2024-04-01,22-25,True,3,910.0,255
2024-04-01,22-25,True,4,824.9,207
2024-04-01,22-25,True,5,1515.2,359
2024-04-01,26-30,False,1,2788.9,795
2024-04-01,26-30,False,2,2701.3,730
2024-04-01,26-30,False,3,1225.8,327
2024-04-01,26-30,False,4,1092.7,299
2024-04-01,26-30,False,5,1541.3,415
2024-04-01,26-30,True,1,368.6,87
2024-04-01,26-30,True,2,1066.3,270
2024-04-01,26-30,True,3,1903.1,520
2024-04-01,26-30,True,4,2007.9,533
2024-04-01,26-30,True,5,2380.2,636
2024-04-01,31-40,False,1,5866.4,1628
2024-04-01,31-40,False,2,5329.8,1472
2024-04-01,31-40,False,3,2523.0,732
2024-04-01,31-40,False,4,2744.4,791
2024-04-01,31-40,False,5,3220.7,892
2024-04-01,31-40,True,1,724.6,197
2024-04-01,31-40,True,2,2274.3,647
2024-04-01,31-40,True,3,4368.6,1269
2024-04-01,31-40,True,4,5176.9,1456
2024-04-01,31-40,True,5,5013.2,1407
2024-04-01,41+,False,1,13219.8,3948
2024-04-01,41+,False,2,11965.3,3684
2024-04-01,41+,False,3,6548.6,2137
2024-04-01,41+,False,4,7679.2,2464
2024-04-01,41+,False,5,8209.2,2652
2024-04-01,41+,True,1,1524.1,476
2024-04-01,41+,True,2,4551.3,1363
2024-04-01,41+,True,3,9423.2,3029
2024-04-01,41+,True,4,11430.4,3537
2024-04-01,41+,True,5,9511.8,2861
2024-05-01,16-21,False,1,3704.8,1048
2024-05-01,16-21,False,2,4137.3,1127
2024-05-01,16-21,False,3,1023.0,275
2024-05-01,16-21,False,4,448.7,127
2024-05-01,16-21,False,5,1044.6,285
2024-05-01,16-21,True,1,18.6,7
2024-05-01,16-21,True,2,68.7,16
2024-05-01,16-21,True,3,50.4,11
2024-05-01,16-21,True,4,22.0,6
2024-05-01,16-21,True,5,60.4,17
2024-05-01,22-25,False,1,2788.3,729
2024-05-01,22-25,False,2,2648.3,701
2024-05-01,22-25,False,3,905.4,228
2024-05-01,22-25,False,4,763.1,203
2024-05-01,22-25,False,5,1236.0,322
2024-05-01,22-25,True,1,324.9,68
2024-05-01,22-25,True,2,648.4,173
2024-05-01,22-25,True,3,1021.8,279
2024-05-01,22-25,True,4,892.9,221
2024-05-01,22-25,True,5,1370.8,336
2024-05-01,26-30,False,1,2804.1,779
2024-05-01,26-30,False,2,2754.9,753
2024-05-01,26-30,False,3,1105.0,318
2024-05-01,26-30,False,4,1066.1,307
2024-05-01,26-30,False,5,1403.3,382
2024-05-01,26-30,True,1,360.1,96
2024-05-01,26-30,True,2,1013.0,265
2024-05-01,26-30,True,3,1943.7,539
2024-05-01,26-30,True,4,2031.8,539
2024-05-01,26-30,True,5,2448.9,668
2024-05-01,31-40,False,1,5784.0,1610
2024-05-01,31-40,False,2,5171.4,1455
2024-05-01,31-40,False,3,2593.6,735
2024-05-01,31-40,False,4,2824.3,824
2024-05-01,31-40,False,5,3176.9,884
2024-05-01,31-40,True,1,790.0,222
2024-05-01,31-40,True,2,2471.9,678
2024-05-01,31-40,True,3,4175.2,1220
2024-05-01,31-40,True,4,5171.3,1446
2024-05-01,31-40,True,5,4901.0,1379
2024-05-01,41+,False,1,13089.7,4032
2024-05-01,41+,False,2,11815.8,3651
2024-05-01,41+,False,3,6546.6,2145
2024-05-01,41+,False,4,7684.8,2481
2024-05-01,41+,False,5,8160.1,2646
2024-05-01,41+,True,1,1618.7,496
2024-05-01,41+,True,2,4528.3,1374
2024-05-01,41+,True,3,9280.5,3014
2024-05-01,41+,True,4,11830.9,3554
2024-05-01,41+,True,5,9616.6,2885
2024-06-01,16-21,False,1,3948.7,1152
2024-06-01,16-21,False,2,4605.1,1236
2024-06-01,16-21,False,3,1177.7,305
2024-06-01,16-21,False,4,497.1,128
2024-06-01,16-21,False,5,1320.3,346
2024-06-01,16-21,True,1,23.0,8
2024-06-01,16-21,True,2,77.8,18
2024-06-01,16-21,True,3,62.1,16
2024-06-01,16-21,True,4,45.4,9
2024-06-01,16-21,True,5,80.0,20
2024-06-01,22-25,False,1,2641.1,676
2024-06-01,22-25,False,2,2633.5,668
2024-06-01,22-25,False,3,916.7,222
2024-06-01,22-25,False,4,697.4,188
2024-06-01,22-25,False,5,1238.6,319
2024-06-01,22-25,True,1,310.8,74
2024-06-01,22-25,True,2,761.3,194
2024-06-01,22-25,True,3,1020.2,264
2024-06-01,22-25,True,4,902.7,222
2024-06-01,22-25,True,5,1467.0,352
2024-06-01,26-30,False,1,2895.1,774
2024-06-01,26-30,False,2,2796.2,760
2024-06-01,26-30,False,3,1041.1,298
2024-06-01,26-30,False,4,1043.4,306
2024-06-01,26-30,False,5,1296.8,348
2024-06-01,26-30,True,1,360.0,95
2024-06-01,26-30,True,2,1068.9,267
2024-06-01,26-30,True,3,1979.6,543
2024-06-01,26-30,True,4,1904.3,512
2024-06-01,26-30,True,5,2406.2,653
2024-06-01,31-40,False,1,5869.5,1645
2024-06-01,31-40,False,2,5182.0,1440
2024-06-01,31-40,False,3,2504.4,716
2024-06-01,31-40,False,4,2925.7,839
2024-06-01,31-40,False,5,3011.3,843
2024-06-01,31-40,True,1,795.5,229
2024-06-01,31-40,True,2,2344.9,636
2024-06-01,31-40,True,3,4136.9,1189
2024-06-01,31-40,True,4,5038.9,1389
2024-06-01,31-40,True,5,5185.3,1413
2024-06-01,41+,False,1,12991.4,3902
2024-06-01,41+,False,2,11774.7,3596
2024-06-01,41+,False,3,6477.0,2111
2024-06-01,41+,False,4,7709.3,2486
2024-06-01,41+,False,5,8072.5,2600
2024-06-01,41+,True,1,1585.9,492
2024-06-01,41+,True,2,4449.0,1358
2024-06-01,41+,True,3,8970.5,2872
2024-06-01,41+,True,4,11811.3,3514
2024-06-01,41+,True,5,9719.7,2893
2024-07-01,16-21,False,1,3987.5,1199
2024-07-01,16-21,False,2,4566.7,1262
2024-07-01,16-21,False,3,1190.2,311
2024-07-01,16-21,False,4,584.4,147
2024-07-01,16-21,False,5,1373.2,376
2024-07-01,16-21,True,1,39.4,8
2024-07-01,16-21,True,2,73.3,15
2024-07-01,16-21,True,3,79.4,18
2024-07-01,16-21,True,4,48.8,11
2024-07-01,16-21,True,5,67.0,17
2024-07-01,22-25,False,1,2551.8,688
2024-07-01,22-25,False,2,2663.2,669
2024-07-01,22-25,False,3,929.4,236
2024-07-01,22-25,False,4,688.4,188
2024-07-01,22-25,False,5,1174.0,318
2024-07-01,22-25,True,1,270.1,72
2024-07-01,22-25,True,2,825.3,202
2024-07-01,22-25,True,3,1039.6,264
2024-07-01,22-25,True,4,946.1,229
2024-07-01,22-25,True,5,1489.7,360
2024-07-01,26-30,False,1,2985.2,818
2024-07-01,26-30,False,2,2686.9,759
2024-07-01,26-30,False,3,1039.0,298
2024-07-01,26-30,False,4,934.4,285
2024-07-01,26-30,False,5,1438.8,400
2024-07-01,26-30,True,1,467.0,125
2024-07-01,26-30,True,2,1220.9,314
2024-07-01,26-30,True,3,1859.0,509
2024-07-01,26-30,True,4,1850.2,506
2024-07-01,26-30,True,5,2405.3,654
2024-07-01,31-40,False,1,5754.0,1628
2024-07-01,31-40,False,2,5131.6,1451
2024-07-01,31-40,False,3,2413.7,704
2024-07-01,31-40,False,4,2850.9,833
2024-07-01,31-40,False,5,3150.3,896
2024-07-01,31-40,True,1,900.4,251
2024-07-01,31-40,True,2,2331.5,639
2024-07-01,31-40,True,3,4159.1,1218
2024-07-01,31-40,True,4,5242.0,1436
2024-07-01,31-40,True,5,4992.9,1385
2024-07-01,41+,False,1,13458.1,4039
2024-07-01,41+,False,2,11875.3,3614
2024-07-01,41+,False,3,6136.4,2009
2024-07-01,41+,False,4,7564.6,2469
2024-07-01,41+,False,5,8065.0,2540
2024-07-01,41+,True,1,1664.8,511
2024-07-01,41+,True,2,4425.1,1367
2024-07-01,41+,True,3,8857.5,2825
2024-07-01,41+,True,4,12092.2,3559
2024-07-01,41+,True,5,9498.2,2836
2024-08-01,16-21,False,1,3743.5,1109
2024-08-01,16-21,False,2,4061.6,1137
2024-08-01,16-21,False,3,1074.4,292
2024-08-01,16-21,False,4,525.1,141
2024-08-01,16-21,False,5,1293.4,334
2024-08-01,16-21,True,1,29.0,6
2024-08-01,16-21,True,2,44.6,12
2024-08-01,16-21,True,3,54.5,14
2024-08-01,16-21,True,4,25.5,7
2024-08-01,16-21,True,5,61.9,14
2024-08-01,22-25,False,1,2595.5,736
2024-08-01,22-25,False,2,2750.4,711
2024-08-01,22-25,False,3,837.0,230
2024-08-01,22-25,False,4,663.1,186
2024-08-01,22-25,False,5,1137.1,295
2024-08-01,22-25,True,1,249.8,56
2024-08-01,22-25,True,2,702.9,186
2024-08-01,22-25,True,3,1133.6,276
2024-08-01,22-25,True,4,804.3,204
2024-08-01,22-25,True,5,1389.1,345
2024-08-01,26-30,False,1,2931.6,820
2024-08-01,26-30,False,2,2938.8,817
2024-08-01,26-30,False,3,1104.8,310
2024-08-01,26-30,False,4,963.9,290
2024-08-01,26-30,False,5,1435.1,412
2024-08-01,26-30,True,1,381.6,103
2024-08-01,26-30,True,2,1118.9,292
2024-08-01,26-30,True,3,1914.0,534
2024-08-01,26-30,True,4,1863.4,504
2024-08-01,26-30,True,5,2530.7,681
2024-08-01,31-40,False,1,5593.7,1640
2024-08-01,31-40,False,2,5308.6,1507
2024-08-01,31-40,False,3,2689.6,773
2024-08-01,31-40,False,4,2714.2,812
2024-08-01,31-40,False,5,2996.8,864
2024-08-01,31-40,True,1,865.9,247
2024-08-01,31-40,True,2,2226.5,625
2024-08-01,31-40,True,3,4175.4,1250
2024-08-01,31-40,True,4,5300.4,1487
2024-08-01,31-40,True,5,4922.8,1385
2024-08-01,41+,False,1,13579.3,4130
2024-08-01,41+,False,2,11690.2,3631
2024-08-01,41+,False,3,6272.3,2070
2024-08-01,41+,False,4,7754.2,2555
2024-08-01,41+,False,5,8314.3,2605
2024-08-01,41+,True,1,1778.3,546
2024-08-01,41+,True,2,4636.4,1427
2024-08-01,41+,True,3,9075.1,2906
2024-08-01,41+,True,4,11829.5,3564
2024-08-01,41+,True,5,9265.7,2806
2024-09-01,16-21,False,1,3499.3,1018
2024-09-01,16-21,False,2,3743.1,1025
2024-09-01,16-21,False,3,1116.8,306
2024-09-01,16-21,False,4,450.2,118
2024-09-01,16-21,False,5,1215.0,315
2024-09-01,16-21,True,1,22.9,5
2024-09-01,16-21,True,2,51.1,11
2024-09-01,16-21,True,3,55.6,13
2024-09-01,16-21,True,4,36.4,9
2024-09-01,16-21,True,5,43.1,11
2024-09-01,22-25,False,1,2729.7,745
2024-09-01,22-25,False,2,2730.1,693
2024-09-01,22-25,False,3,896.2,248
2024-09-01,22-25,False,4,647.2,181
2024-09-01,22-25,False,5,1080.0,284
2024-09-01,22-25,True,1,272.6,64
2024-09-01,22-25,True,2,693.3,173
2024-09-01,22-25,True,3,1135.3,285
2024-09-01,22-25,True,4,865.5,214
2024-09-01,22-25,True,5,1400.3,351
2024-09-01,26-30,False,1,2816.8,774
2024-09-01,26-30,False,2,2932.3,789
2024-09-01,26-30,False,3,1232.2,333
2024-09-01,26-30,False,4,1050.4,293
2024-09-01,26-30,False,5,1594.3,444
2024-09-01,26-30,True,1,378.0,108
2024-09-01,26-30,True,2,1100.9,281
2024-09-01,26-30,True,3,1918.1,516
2024-09-01,26-30,True,4,1866.1,511
2024-09-01,26-30,True,5,2408.7,657
2024-09-01,31-40,False,1,5732.7,1634
2024-09-01,31-40,False,2,5221.4,1436
2024-09-01,31-40,False,3,2643.4,757
2024-09-01,31-40,False,4,2808.8,809
2024-09-01,31-40,False,5,2976.1,855
2024-09-01,31-40,True,1,910.3,254
2024-09-01,31-40,True,2,2227.9,625
2024-09-01,31-40,True,3,4408.9,1292
2024-09-01,31-40,True,4,5428.7,1490
2024-09-01,31-40,True,5,4994.8,1365
2024-09-01,41+,False,1,13540.1,4033
2024-09-01,41+,False,2,12056.9,3733
2024-09-01,41+,False,3,6189.2,2045
2024-09-01,41+,False,4,7829.7,2539
2024-09-01,41+,False,5,8082.8,2550
2024-09-01,41+,True,1,1701.0,536
2024-09-01,41+,True,2,4547.7,1399
2024-09-01,41+,True,3,9536.9,3006
2024-09-01,41+,True,4,11923.4,3637
2024-09-01,41+,True,5,9303.3,2789
2024-10-01,16-21,False,1,3290.9,965
2024-10-01,16-21,False,2,3765.9,1023
2024-10-01,16-21,False,3,1136.2,295
2024-10-01,16-21,False,4,521.6,137
2024-10-01,16-21,False,5,1251.6,331
2024-10-01,16-21,True,1,12.6,4
2024-10-01,16-21,True,2,84.0,20
2024-10-01,16-21,True,3,93.7,19
2024-10-01,16-21,True,4,49.4,11
2024-10-01,16-21,True,5,45.7,12
2024-10-01,22-25,False,1,2657.6,750
2024-10-01,22-25,False,2,2764.2,725
2024-10-01,22-25,False,3,958.8,263
2024-10-01,22-25,False,4,569.3,166
2024-10-01,22-25,False,5,1086.1,300
2024-10-01,22-25,True,1,318.4,76
2024-10-01,22-25,True,2,660.1,162
2024-10-01,22-25,True,3,1064.0,299
2024-10-01,22-25,True,4,949.5,242
2024-10-01,22-25,True,5,1435.9,368
2024-10-01,26-30,False,1,3010.0,831
2024-10-01,26-30,False,2,2872.5,776
2024-10-01,26-30,False,3,1213.6,325
2024-10-01,26-30,False,4,985.3,269
2024-10-01,26-30,False,5,1513.1,415
2024-10-01,26-30,True,1,383.3,104
2024-10-01,26-30,True,2,1075.1,302
2024-10-01,26-30,True,3,1948.9,531
2024-10-01,26-30,True,4,1918.2,522
2024-10-01,26-30,True,5,2717.8,709
2024-10-01,31-40,False,1,5764.2,1616
2024-10-01,31-40,False,2,5317.5,1420
2024-10-01,31-40,False,3,2658.4,757
2024-10-01,31-40,False,4,2718.3,779
2024-10-01,31-40,False,5,3025.7,864
2024-10-01,31-40,True,1,809.2,231
2024-10-01,31-40,True,2,2148.2,594
2024-10-01,31-40,True,3,4475.0,1297
2024-10-01,31-40,True,4,5355.0,1468
2024-10-01,31-40,True,5,4821.8,1344
2024-10-01,41+,False,1,13320.9,4016
2024-10-01,41+,False,2,11798.7,3671
2024-10-01,41+,False,3,5929.4,1983
2024-10-01,41+,False,4,7919.4,2500
2024-10-01,41+,False,5,8045.5,2517
2024-10-01,41+,True,1,1693.4,508
2024-10-01,41+,True,2,4646.6,1417
2024-10-01,41+,True,3,9784.4,3069
2024-10-01,41+,True,4,11836.3,3624
2024-10-01,41+,True,5,9517.1,2803
2024-11-01,16-21,False,1,3260.5,922
2024-11-01,16-21,False,2,3859.6,1037
2024-11-01,16-21,False,3,1125.8,291
2024-11-01,16-21,False,4,459.7,129
2024-11-01,16-21,False,5,1290.3,340
2024-11-01,16-21,True,1,25.2,7
2024-11-01,16-21,True,2,76.5,18
2024-11-01,16-21,True,3,46.9,11
2024-11-01,16-21,True,4,31.4,7
2024-11-01,16-21,True,5,26.1,9
2024-11-01,22-25,False,1,2601.9,728
2024-11-01,22-25,False,2,2744.2,731
2024-11-01,22-25,False,3,926.6,251
2024-11-01,22-25,False,4,588.8,179
2024-11-01,22-25,False,5,1119.4,286
2024-11-01,22-25,True,1,319.3,78
2024-11-01,22-25,True,2,682.3,168
2024-11-01,22-25,True,3,1164.6,305
2024-11-01,22-25,True,4,811.9,221
2024-11-01,22-25,True,5,1402.5,357
2024-11-01,26-30,False,1,3063.7,838
2024-11-01,26-30,False,2,2904.6,788
2024-11-01,26-30,False,3,1230.5,348
2024-11-01,26-30,False,4,1009.2,275
2024-11-01,26-30,False,5,1544.3,402
2024-11-01,26-30,True,1,362.5,101
2024-11-01,26-30,True,2,1026.4,292
2024-11-01,26-30,True,3,2088.6,559
2024-11-01,26-30,True,4,2053.6,561
2024-11-01,26-30,True,5,2497.5,652
2024-11-01,31-40,False,1,5803.5,1644
2024-11-01,31-40,False,2,5236.0,1410
2024-11-01,31-40,False,3,2754.2,785
2024-11-01,31-40,False,4,2852.0,805
2024-11-01,31-40,False,5,2957.2,833
2024-11-01,31-40,True,1,816.1,225
2024-11-01,31-40,True,2,2190.8,601
2024-11-01,31-40,True,3,4252.9,1270
2024-11-01,31-40,True,4,5236.6,1440
2024-11-01,31-40,True,5,4991.0,1358
2024-11-01,41+,False,1,13054.0,3889
2024-11-01,41+,False,2,11788.9,3642
2024-11-01,41+,False,3,6104.2,2003
2024-11-01,41+,False,4,7799.0,2480
2024-11-01,41+,False,5,7799.4,2469
2024-11-01,41+,True,1,1650.6,494
2024-11-01,41+,True,2,4634.4,1427
2024-11-01,41+,True,3,9624.6,3032
2024-11-01,41+,True,4,11879.6,3667
2024-11-01,41+,True,5,9687.0,2855
2024-12-01,16-21,False,1,3228.8,917
2024-12-01,16-21,False,2,4012.4,1064
2024-12-01,16-21,False,3,1233.1,327
2024-12-01,16-21,False,4,527.5,139
2024-12-01,16-21,False,5,1227.8,326
2024-12-01,16-21,True,1,26.9,7
2024-12-01,16-21,True,2,72.1,17
2024-12-01,16-21,True,3,54.7,13
2024-12-01,16-21,True,4,43.4,9
2024-12-01,16-21,True,5,47.8,12
2024-12-01,22-25,False,1,2680.8,716
2024-12-01,22-25,False,2,2721.0,721
2024-12-01,22-25,False,3,937.0,260
2024-12-01,22-25,False,4,748.9,203
2024-12-01,22-25,False,5,1163.2,283
2024-12-01,22-25,True,1,311.4,78
2024-12-01,22-25,True,2,719.6,167
2024-12-01,22-25,True,3,933.9,262
2024-12-01,22-25,True,4,848.4,220
2024-12-01,22-25,True,5,1375.6,354
2024-12-01,26-30,False,1,3125.1,825
2024-12-01,26-30,False,2,2794.0,751
2024-12-01,26-30,False,3,1308.2,369
2024-12-01,26-30,False,4,1069.4,278
2024-12-01,26-30,False,5,1503.5,392
2024-12-01,26-30,True,1,335.2,94
2024-12-01,26-30,True,2,961.1,266
2024-12-01,26-30,True,3,2023.0,541
2024-12-01,26-30,True,4,2003.0,546
2024-12-01,26-30,True,5,2470.4,639
2024-12-01,31-40,False,1,5782.2,1633
2024-12-01,31-40,False,2,4971.4,1378
2024-12-01,31-40,False,3,2687.9,783
2024-12-01,31-40,False,4,2940.9,840
2024-12-01,31-40,False,5,2976.9,832
2024-12-01,31-40,True,1,786.0,212
2024-12-01,31-40,True,2,2216.4,617
2024-12-01,31-40,True,3,4347.6,1280
2024-12-01,31-40,True,4,5227.3,1488
2024-12-01,31-40,True,5,5078.0,1383
2024-12-01,41+,False,1,12719.7,3787
2024-12-01,41+,False,2,11566.7,3631
2024-12-01,41+,False,3,6280.2,2039
2024-12-01,41+,False,4,7771.7,2443
2024-12-01,41+,False,5,8028.5,2523
2024-12-01,41+,True,1,1624.3,483
2024-12-01,41+,True,2,4688.8,1432
2024-12-01,41+,True,3,9686.6,3066
2024-12-01,41+,True,4,11686.3,3642
2024-12-01,41+,True,5,9719.1,2873
2025-01-01,16-21,False,1,3237.2,903
2025-01-01,16-21,False,2,3903.2,1015
2025-01-01,16-21,False,3,1013.0,277
2025-01-01,16-21,False,4,538.9,144
2025-01-01,16-21,False,5,1153.3,293
2025-01-01,16-21,True,1,32.9,6
2025-01-01,16-21,True,2,60.9,14
2025-01-01,16-21,True,3,81.7,16
2025-01-01,16-21,True,4,34.4,8
2025-01-01,16-21,True,5,44.6,12
2025-01-01,22-25,False,1,2576.5,693
2025-01-01,22-25,False,2,2869.2,728
2025-01-01,22-25,False,3,988.7,255
2025-01-01,22-25,False,4,684.3,186
2025-01-01,22-25,False,5,1240.1,285
2025-01-01,22-25,True,1,301.5,74
2025-01-01,22-25,True,2,715.6,163
2025-01-01,22-25,True,3,1065.7,277
2025-01-01,22-25,True,4,950.0,222
2025-01-01,22-25,True,5,1259.8,317
2025-01-01,26-30,False,1,3082.2,815
2025-01-01,26-30,False,2,2765.9,733
2025-01-01,26-30,False,3,1289.7,346
2025-01-01,26-30,False,4,1184.2,302
2025-01-01,26-30,False,5,1390.7,357
2025-01-01,26-30,True,1,365.9,84
2025-01-01,26-30,True,2,1047.7,278
2025-01-01,26-30,True,3,1927.4,521
2025-01-01,26-30,True,4,2013.6,539
2025-01-01,26-30,True,5,2532.5,645
2025-01-01,31-40,False,1,5705.9,1578
2025-01-01,31-40,False,2,5446.7,1426
2025-01-01,31-40,False,3,2642.5,754
2025-01-01,31-40,False,4,2984.2,821
2025-01-01,31-40,False,5,3019.1,838
2025-01-01,31-40,True,1,761.1,195
2025-01-01,31-40,True,2,2245.6,623
2025-01-01,31-40,True,3,4303.9,1213
2025-01-01,31-40,True,4,5281.3,1450
2025-01-01,31-40,True,5,5359.9,1389
2025-01-01,41+,False,1,12967.1,3809
2025-01-01,41+,False,2,11746.1,3551
2025-01-01,41+,False,3,6423.0,2022
2025-01-01,41+,False,4,7571.3,2350
2025-01-01,41+,False,5,8107.6,2526
2025-01-01,41+,True,1,1683.7,493
2025-01-01,41+,True,2,4669.2,1405
2025-01-01,41+,True,3,9275.0,2913
2025-01-01,41+,True,4,11871.8,3633
2025-01-01,41+,True,5,9930.8,2865
2025-02-01,16-21,False,1,3247.7,889
2025-02-01,16-21,False,2,4025.3,1049
2025-02-01,16-21,False,3,989.5,273
2025-02-01,16-21,False,4,505.1,125
2025-02-01,16-21,False,5,1187.4,296
2025-02-01,16-21,True,1,43.0,9
2025-02-01,16-21,True,2,61.0,14
2025-02-01,16-21,True,3,91.4,18
2025-02-01,16-21,True,4,50.8,10
2025-02-01,16-21,True,5,72.9,15
2025-02-01,22-25,False,1,2718.4,697
2025-02-01,22-25,False,2,2531.0,649
2025-02-01,22-25,False,3,974.0,250
2025-02-01,22-25,False,4,798.9,199
2025-02-01,22-25,False,5,1121.9,272
2025-02-01,22-25,True,1,304.3,77
2025-02-01,22-25,True,2,690.1,156
2025-02-01,22-25,True,3,1092.4,272
2025-02-01,22-25,True,4,753.5,185
2025-02-01,22-25,True,5,1371.2,323
2025-02-01,26-30,False,1,2879.9,769
2025-02-01,26-30,False,2,2689.9,702
2025-02-01,26-30,False,3,1163.8,309
2025-02-01,26-30,False,4,1207.5,316
2025-02-01,26-30,False,5,1601.8,390
2025-02-01,26-30,True,1,392.4,94
2025-02-01,26-30,True,2,1132.7,286
2025-02-01,26-30,True,3,1985.8,522
2025-02-01,26-30,True,4,2030.3,513
2025-02-01,26-30,True,5,2549.2,648
2025-02-01,31-40,False,1,5702.4,1563
2025-02-01,31-40,False,2,5516.1,1418
2025-02-01,31-40,False,3,2426.2,693
2025-02-01,31-40,False,4,2960.4,796
2025-02-01,31-40,False,5,2981.4,812
2025-02-01,31-40,True,1,701.6,191
2025-02-01,31-40,True,2,2377.0,636
2025-02-01,31-40,True,3,4237.6,1210
2025-02-01,31-40,True,4,5532.9,1489
2025-02-01,31-40,True,5,5501.1,1420
2025-02-01,41+,False,1,12978.8,3775
2025-02-01,41+,False,2,11746.4,3484
2025-02-01,41+,False,3,6541.3,2026
2025-02-01,41+,False,4,7800.6,2373
2025-02-01,41+,False,5,7926.5,2472
2025-02-01,41+,True,1,1693.2,503
2025-02-01,41+,True,2,4682.5,1384
2025-02-01,41+,True,3,9314.2,2930
2025-02-01,41+,True,4,11670.8,3537
2025-02-01,41+,True,5,9989.8,2855
2025-03-01,16-21,False,1,3319.1,846
2025-03-01,16-21,False,2,4034.2,979
2025-03-01,16-21,False,3,1065.6,288
2025-03-01,16-21,False,4,500.4,116
2025-03-01,16-21,False,5,1305.0,309
2025-03-01,16-21,True,1,26.5,5
2025-03-01,16-21,True,2,54.1,11
2025-03-01,16-21,True,3,87.7,19
2025-03-01,16-21,True,4,56.0,12
2025-03-01,16-21,True,5,54.9,11
2025-03-01,22-25,False,1,2723.2,671
2025-03-01,22-25,False,2,2744.7,653
2025-03-01,22-25,False,3,1101.5,255
2025-03-01,22-25,False,4,898.7,218
2025-03-01,22-25,False,5,1073.1,243
2025-03-01,22-25,True,1,283.1,67
2025-03-01,22-25,True,2,734.6,159
2025-03-01,22-25,True,3,1106.3,261
2025-03-01,22-25,True,4,707.3,177
2025-03-01,22-25,True,5,1356.8,320
2025-03-01,26-30,False,1,2843.2,713
2025-03-01,26-30,False,2,2765.8,689
2025-03-01,26-30,False,3,1192.7,293
2025-03-01,26-30,False,4,1196.3,290
2025-03-01,26-30,False,5,1481.4,363
2025-03-01,26-30,True,1,372.5,86
2025-03-01,26-30,True,2,1170.1,289
2025-03-01,26-30,True,3,1835.1,474
2025-03-01,26-30,True,4,2079.0,509
2025-03-01,26-30,True,5,2769.1,690
2025-03-01,31-40,False,1,5887.5,1516
2025-03-01,31-40,False,2,5337.0,1357
2025-03-01,31-40,False,3,2410.4,639
2025-03-01,31-40,False,4,2934.1,768
2025-03-01,31-40,False,5,2939.5,789
2025-03-01,31-40,True,1,804.3,208
2025-03-01,31-40,True,2,2428.6,623
2025-03-01,31-40,True,3,4319.0,1182
2025-03-01,31-40,True,4,5723.3,1478
2025-03-01,31-40,True,5,5378.9,1363
2025-03-01,41+,False,1,13122.2,3696
2025-03-01,41+,False,2,11898.0,3422
2025-03-01,41+,False,3,6319.6,1934
2025-03-01,41+,False,4,7944.1,2364
2025-03-01,41+,False,5,7931.0,2424
2025-03-01,41+,True,1,1548.3,461
2025-03-01,41+,True,2,4771.3,1364
2025-03-01,41+,True,3,9421.4,2859
2025-03-01,41+,True,4,11588.2,3370
2025-03-01,41+,True,5,9767.0,2728
2025-04-01,16-21,False,1,3609.6,931
2025-04-01,16-21,False,2,3882.1,946
2025-04-01,16-21,False,3,1138.8,293
2025-04-01,16-21,False,4,447.2,112
2025-04-01,16-21,False,5,1207.9,294
2025-04-01,16-21,True,1,15.5,4
2025-04-01,16-21,True,2,39.8,10
2025-04-01,16-21,True,3,94.1,18
2025-04-01,16-21,True,4,60.3,13
2025-04-01,16-21,True,5,58.7,14
2025-04-01,22-25,False,1,2570.4,654
2025-04-01,22-25,False,2,2725.6,682
2025-04-01,22-25,False,3,1169.2,270
2025-04-01,22-25,False,4,799.4,200
2025-04-01,22-25,False,5,953.9,230
2025-04-01,22-25,True,1,302.9,71
2025-04-01,22-25,True,2,723.1,162
2025-04-01,22-25,True,3,1213.9,282
2025-04-01,22-25,True,4,822.9,203
2025-04-01,22-25,True,5,1349.3,320
2025-04-01,26-30,False,1,2700.8,697
2025-04-01,26-30,False,2,2897.0,761
2025-04-01,26-30,False,3,1217.6,312
2025-04-01,26-30,False,4,1241.4,308
2025-04-01,26-30,False,5,1552.6,393
2025-04-01,26-30,True,1,375.6,88
2025-04-01,26-30,True,2,1063.5,279
2025-04-01,26-30,True,3,1872.8,488
2025-04-01,26-30,True,4,2060.2,513
2025-04-01,26-30,True,5,2561.9,652
2025-04-01,31-40,False,1,5980.5,1534
2025-04-01,31-40,False,2,5699.9,1449
2025-04-01,31-40,False,3,2454.0,653
2025-04-01,31-40,False,4,3016.7,791
2025-04-01,31-40,False,5,3069.9,809
2025-04-01,31-40,True,1,845.9,214
2025-04-01,31-40,True,2,2323.7,620
2025-04-01,31-40,True,3,4366.1,1197
2025-04-01,31-40,True,4,5572.6,1448
2025-04-01,31-40,True,5,5176.2,1313
2025-04-01,41+,False,1,13466.5,3844
2025-04-01,41+,False,2,11975.2,3462
2025-04-01,41+,False,3,6439.0,2010
2025-04-01,41+,False,4,7853.3,2401
2025-04-01,41+,False,5,7771.0,2460
2025-04-01,41+,True,1,1643.3,486
2025-04-01,41+,True,2,4879.7,1416
2025-04-01,41+,True,3,9204.4,2872
2025-04-01,41+,True,4,11941.6,3510
2025-04-01,41+,True,5,9661.1,2736
2025-05-01,16-21,False,1,3656.6,952
2025-05-01,16-21,False,2,3834.3,963
2025-05-01,16-21,False,3,1099.9,273
2025-05-01,16-21,False,4,434.0,110
2025-05-01,16-21,False,5,1109.1,261
2025-05-01,16-21,True,1,21.8,5
2025-05-01,16-21,True,2,40.3,13
2025-05-01,16-21,True,3,83.4,16
2025-05-01,16-21,True,4,42.9,8
2025-05-01,16-21,True,5,49.9,13
2025-05-01,22-25,False,1,2740.5,696
2025-05-01,22-25,False,2,2830.4,690
2025-05-01,22-25,False,3,991.0,248
2025-05-01,22-25,False,4,696.4,179
2025-05-01,22-25,False,5,1048.2,242
2025-05-01,22-25,True,1,313.7,71
2025-05-01,22-25,True,2,751.3,164
2025-05-01,22-25,True,3,1085.6,256
2025-05-01,22-25,True,4,855.8,201
2025-05-01,22-25,True,5,1378.9,326
2025-05-01,26-30,False,1,2910.6,712
2025-05-01,26-30,False,2,2954.5,747
2025-05-01,26-30,False,3,1151.6,292
2025-05-01,26-30,False,4,1200.8,305
2025-05-01,26-30,False,5,1395.4,347
2025-05-01,26-30,True,1,366.9,100
2025-05-01,26-30,True,2,1229.2,286
2025-05-01,26-30,True,3,1810.4,472
2025-05-01,26-30,True,4,1994.2,500
2025-05-01,26-30,True,5,2558.1,633
2025-05-01,31-40,False,1,5973.3,1490
2025-05-01,31-40,False,2,5614.1,1428
2025-05-01,31-40,False,3,2517.7,672
2025-05-01,31-40,False,4,2845.1,752
2025-05-01,31-40,False,5,2983.3,789
2025-05-01,31-40,True,1,860.9,213
2025-05-01,31-40,True,2,2329.0,636
2025-05-01,31-40,True,3,4632.5,1261
2025-05-01,31-40,True,4,5378.2,1417
2025-05-01,31-40,True,5,5106.7,1310
2025-05-01,41+,False,1,13477.3,3756
2025-05-01,41+,False,2,11852.2,3372
2025-05-01,41+,False,3,6092.9,1933
2025-05-01,41+,False,4,7846.0,2352
2025-05-01,41+,False,5,7946.9,2441
2025-05-01,41+,True,1,1660.8,489
2025-05-01,41+,True,2,4863.2,1386
2025-05-01,41+,True,3,9170.8,2845
2025-05-01,41+,True,4,11955.0,3451
2025-05-01,41+,True,5,9659.4,2712
2025-06-01,16-21,False,1,4096.2,1079
2025-06-01,16-21,False,2,4174.7,1032
2025-06-01,16-21,False,3,1114.8,286
2025-06-01,16-21,False,4,511.6,128
2025-06-01,16-21,False,5,1219.8,300
2025-06-01,16-21,True,1,41.4,10
2025-06-01,16-21,True,2,70.6,20
2025-06-01,16-21,True,3,67.8,14
2025-06-01,16-21,True,4,29.8,7
2025-06-01,16-21,True,5,43.3,10
2025-06-01,22-25,False,1,2768.4,673
2025-06-01,22-25,False,2,2671.4,631
2025-06-01,22-25,False,3,920.5,229
2025-06-01,22-25,False,4,745.2,181
2025-06-01,22-25,False,5,1168.0,262
2025-06-01,22-25,True,1,320.3,75
2025-06-01,22-25,True,2,813.6,179
2025-06-01,22-25,True,3,987.6,218
2025-06-01,22-25,True,4,850.5,197
2025-06-01,22-25,True,5,1540.3,337
2025-06-01,26-30,False,1,2868.1,711
2025-06-01,26-30,False,2,3058.3,777
2025-06-01,26-30,False,3,1208.4,301
2025-06-01,26-30,False,4,1199.1,301
2025-06-01,26-30,False,5,1477.0,359
2025-06-01,26-30,True,1,388.9,103
2025-06-01,26-30,True,2,1073.4,258
2025-06-01,26-30,True,3,1755.0,468
2025-06-01,26-30,True,4,2112.7,526
2025-06-01,26-30,True,5,2491.0,613
2025-06-01,31-40,False,1,5974.0,1477
2025-06-01,31-40,False,2,5632.9,1443
2025-06-01,31-40,False,3,2419.5,646
2025-06-01,31-40,False,4,2907.4,780
2025-06-01,31-40,False,5,2893.7,755
2025-06-01,31-40,True,1,840.2,205
2025-06-01,31-40,True,2,2420.3,654
2025-06-01,31-40,True,3,4435.4,1180
2025-06-01,31-40,True,4,5251.2,1393
2025-06-01,31-40,True,5,5165.4,1331
2025-06-01,41+,False,1,13283.7,3690
2025-06-01,41+,False,2,12036.1,3419
2025-06-01,41+,False,3,6010.9,1875
2025-06-01,41+,False,4,7850.7,2386
2025-06-01,41+,False,5,7901.7,2413
2025-06-01,41+,True,1,1568.2,458
2025-06-01,41+,True,2,4840.2,1377
2025-06-01,41+,True,3,8875.7,2726
2025-06-01,41+,True,4,12053.0,3477
2025-06-01,41+,True,5,9734.9,2693
2025-07-01,16-21,False,1,4002.5,1074
2025-07-01,16-21,False,2,4440.7,1113
2025-07-01,16-21,False,3,1204.7,292
2025-07-01,16-21,False,4,480.0,122
2025-07-01,16-21,False,5,1221.9,294
2025-07-01,16-21,True,1,39.0,11
2025-07-01,16-21,True,2,77.5,22
2025-07-01,16-21,True,3,50.7,11
2025-07-01,16-21,True,4,75.2,16
2025-07-01,16-21,True,5,74.8,17
2025-07-01,22-25,False,1,2839.1,688
2025-07-01,22-25,False,2,2685.2,652
2025-07-01,22-25,False,3,928.3,224
2025-07-01,22-25,False,4,686.6,167
2025-07-01,22-25,False,5,1051.0,251
2025-07-01,22-25,True,1,358.6,84
2025-07-01,22-25,True,2,861.8,192
2025-07-01,22-25,True,3,991.3,225
2025-07-01,22-25,True,4,807.9,192
2025-07-01,22-25,True,5,1490.0,327
2025-07-01,26-30,False,1,2970.7,701
2025-07-01,26-30,False,2,2983.6,746
2025-07-01,26-30,False,3,973.1,256
2025-07-01,26-30,False,4,1102.7,292
2025-07-01,26-30,False,5,1520.0,366
2025-07-01,26-30,True,1,427.9,105
2025-07-01,26-30,True,2,1171.3,277
2025-07-01,26-30,True,3,1840.2,461
2025-07-01,26-30,True,4,2098.2,512
2025-07-01,26-30,True,5,2632.4,613
2025-07-01,31-40,False,1,5832.8,1445
2025-07-01,31-40,False,2,5657.0,1426
2025-07-01,31-40,False,3,2361.5,640
2025-07-01,31-40,False,4,2893.9,778
2025-07-01,31-40,False,5,3086.9,808
2025-07-01,31-40,True,1,777.3,185
2025-07-01,31-40,True,2,2370.3,614
2025-07-01,31-40,True,3,4118.8,1099
2025-07-01,31-40,True,4,5279.5,1378
2025-07-01,31-40,True,5,5063.1,1288
2025-07-01,41+,False,1,13304.5,3707
2025-07-01,41+,False,2,11674.9,3352
2025-07-01,41+,False,3,5814.3,1806
2025-07-01,41+,False,4,7743.8,2364
2025-07-01,41+,False,5,7952.1,2431
2025-07-01,41+,True,1,1659.4,483
2025-07-01,41+,True,2,5117.7,1420
2025-07-01,41+,True,3,8887.5,2720
2025-07-01,41+,True,4,12051.1,3451
2025-07-01,41+,True,5,10065.4,2783
2025-08-01,16-21,False,1,3704.7,1065
2025-08-01,16-21,False,2,3966.1,1077
2025-08-01,16-21,False,3,1009.6,265
2025-08-01,16-21,False,4,499.8,132
2025-08-01,16-21,False,5,1086.3,290
2025-08-01,16-21,True,1,48.5,14
2025-08-01,16-21,True,2,54.5,15
2025-08-01,16-21,True,3,47.3,11
2025-08-01,16-21,True,4,65.9,15
2025-08-01,16-21,True,5,79.8,19
2025-08-01,22-25,False,1,2677.9,701
2025-08-01,22-25,False,2,2822.6,707
2025-08-01,22-25,False,3,983.0,247
2025-08-01,22-25,False,4,774.0,187
2025-08-01,22-25,False,5,946.2,244
2025-08-01,22-25,True,1,294.7,76
2025-08-01,22-25,True,2,702.0,165
2025-08-01,22-25,True,3,1049.0,253
2025-08-01,22-25,True,4,756.2,190
2025-08-01,22-25,True,5,1546.0,347
2025-08-01,26-30,False,1,2948.5,754
2025-08-01,26-30,False,2,2850.5,751
2025-08-01,26-30,False,3,999.0,268
2025-08-01,26-30,False,4,1210.9,315
2025-08-01,26-30,False,5,1562.0,392
2025-08-01,26-30,True,1,415.6,102
2025-08-01,26-30,True,2,1149.7,301
2025-08-01,26-30,True,3,1863.2,506
2025-08-01,26-30,True,4,2052.3,537
2025-08-01,26-30,True,5,2620.8,629
2025-08-01,31-40,False,1,5805.7,1536
2025-08-01,31-40,False,2,5390.4,1415
2025-08-01,31-40,False,3,2544.4,724
2025-08-01,31-40,False,4,2944.7,822
2025-08-01,31-40,False,5,3229.3,881
2025-08-01,31-40,True,1,759.2,206
2025-08-01,31-40,True,2,2343.8,637
2025-08-01,31-40,True,3,4308.5,1166
2025-08-01,31-40,True,4,5152.2,1375
2025-08-01,31-40,True,5,5358.4,1366
2025-08-01,41+,False,1,13107.8,3841
2025-08-01,41+,False,2,12015.5,3577
2025-08-01,41+,False,3,6003.7,1974
2025-08-01,41+,False,4,7702.1,2430
2025-08-01,41+,False,5,7927.1,2505
2025-08-01,41+,True,1,1742.6,526
2025-08-01,41+,True,2,4861.1,1456
2025-08-01,41+,True,3,9230.2,2914
2025-08-01,41+,True,4,12117.8,3631
2025-08-01,41+,True,5,9956.4,2860
2025-09-01,16-21,False,1,3492.5,970
2025-09-01,16-21,False,2,3637.3,968
2025-09-01,16-21,False,3,973.9,261
2025-09-01,16-21,False,4,485.4,121
2025-09-01,16-21,False,5,1087.1,279
2025-09-01,16-21,True,1,39.5,7
2025-09-01,16-21,True,2,51.7,13
2025-09-01,16-21,True,3,77.9,18
2025-09-01,16-21,True,4,35.0,8
2025-09-01,16-21,True,5,54.6,13
2025-09-01,22-25,False,1,2690.0,694
2025-09-01,22-25,False,2,2818.3,695
2025-09-01,22-25,False,3,1060.9,263
2025-09-01,22-25,False,4,738.8,180
2025-09-01,22-25,False,5,1004.0,256
2025-09-01,22-25,True,1,280.7,74
2025-09-01,22-25,True,2,684.2,170
2025-09-01,22-25,True,3,1109.3,256
2025-09-01,22-25,True,4,727.4,198
2025-09-01,22-25,True,5,1492.3,323
2025-09-01,26-30,False,1,2948.3,720
2025-09-01,26-30,False,2,2815.3,747
2025-09-01,26-30,False,3,1182.4,301
2025-09-01,26-30,False,4,1166.8,297
2025-09-01,26-30,False,5,1582.4,406
2025-09-01,26-30,True,1,396.9,90
2025-09-01,26-30,True,2,1222.4,308
2025-09-01,26-30,True,3,1988.2,526
2025-09-01,26-30,True,4,2027.5,524
2025-09-01,26-30,True,5,2557.2,614
2025-09-01,31-40,False,1,5967.7,1586
2025-09-01,31-40,False,2,5291.7,1411
2025-09-01,31-40,False,3,2610.5,732
2025-09-01,31-40,False,4,3037.1,850
2025-09-01,31-40,False,5,3083.2,827
2025-09-01,31-40,True,1,942.1,235
2025-09-01,31-40,True,2,2079.1,570
2025-09-01,31-40,True,3,4296.8,1198
2025-09-01,31-40,True,4,5389.0,1447
2025-09-01,31-40,True,5,5337.3,1364
2025-09-01,41+,False,1,13322.7,3869
2025-09-01,41+,False,2,12114.6,3655
2025-09-01,41+,False,3,6054.8,1968
2025-09-01,41+,False,4,7827.7,2461
2025-09-01,41+,False,5,8015.1,2504
2025-09-01,41+,True,1,1744.9,520
2025-09-01,41+,True,2,4743.0,1434
2025-09-01,41+,True,3,9458.4,2940
2025-09-01,41+,True,4,12065.3,3591
2025-09-01,41+,True,5,10084.6,2858
2025-11-01,16-21,False,1,3434.5,867
2025-11-01,16-21,False,2,3737.2,928
2025-11-01,16-21,False,3,1209.0,284
2025-11-01,16-21,False,4,423.5,100
2025-11-01,16-21,False,5,1056.1,261
2025-11-01,16-21,True,1,30.1,6
2025-11-01,16-21,True,2,53.2,12
2025-11-01,16-21,True,3,37.4,8
2025-11-01,16-21,True,4,49.7,10
2025-11-01,16-21,True,5,72.8,14
2025-11-01,22-25,False,1,2557.4,620
2025-11-01,22-25,False,2,2891.0,629
2025-11-01,22-25,False,3,1131.1,259
2025-11-01,22-25,False,4,779.3,170
2025-11-01,22-25,False,5,1138.0,264
2025-11-01,22-25,True,1,368.1,84
2025-11-01,22-25,True,2,675.0,149
2025-11-01,22-25,True,3,1122.5,251
2025-11-01,22-25,True,4,777.4,176
2025-11-01,22-25,True,5,1474.0,307
2025-11-01,26-30,False,1,2986.1,701
2025-11-01,26-30,False,2,3012.7,702
2025-11-01,26-30,False,3,1230.5,286
2025-11-01,26-30,False,4,1213.3,287
2025-11-01,26-30,False,5,1572.7,361
2025-11-01,26-30,True,1,400.4,86
2025-11-01,26-30,True,2,1000.4,240
2025-11-01,26-30,True,3,2039.3,478
2025-11-01,26-30,True,4,1953.1,475
2025-11-01,26-30,True,5,2537.0,579
2025-11-01,31-40,False,1,5667.9,1418
2025-11-01,31-40,False,2,5317.3,1285
2025-11-01,31-40,False,3,2742.8,685
2025-11-01,31-40,False,4,2746.9,721
2025-11-01,31-40,False,5,3032.1,762
2025-11-01,31-40,True,1,881.7,206
2025-11-01,31-40,True,2,2409.6,595
2025-11-01,31-40,True,3,4138.2,1049
2025-11-01,31-40,True,4,5441.2,1342
2025-11-01,31-40,True,5,5401.0,1261
2025-11-01,41+,False,1,12706.5,3439
2025-11-01,41+,False,2,12364.4,3472
2025-11-01,41+,False,3,6419.2,1946
2025-11-01,41+,False,4,8030.4,2314
2025-11-01,41+,False,5,7980.8,2308
2025-11-01,41+,True,1,1871.1,503
2025-11-01,41+,True,2,4665.3,1300
2025-11-01,41+,True,3,9485.7,2718
2025-11-01,41+,True,4,11683.5,3310
2025-11-01,41+,True,5,10117.8,2720
2025-12-01,16-21,False,1,3578.0,903
2025-12-01,16-21,False,2,3890.7,940
2025-12-01,16-21,False,3,1090.8,263
2025-12-01,16-21,False,4,411.2,108
2025-12-01,16-21,False,5,1060.1,267
2025-12-01,16-21,True,1,25.1,6
2025-12-01,16-21,True,2,23.0,6
2025-12-01,16-21,True,3,49.4,11
2025-12-01,16-21,True,4,53.9,12
2025-12-01,16-21,True,5,60.1,13
2025-12-01,22-25,False,1,2733.7,648
2025-12-01,22-25,False,2,2831.2,620
2025-12-01,22-25,False,3,1063.8,252
2025-12-01,22-25,False,4,716.0,154
2025-12-01,22-25,False,5,1149.9,264
2025-12-01,22-25,True,1,342.4,79
2025-12-01,22-25,True,2,589.3,140
2025-12-01,22-25,True,3,1149.4,261
2025-12-01,22-25,True,4,835.4,177
2025-12-01,22-25,True,5,1337.4,283
2025-12-01,26-30,False,1,2937.7,691
2025-12-01,26-30,False,2,3111.5,712
2025-12-01,26-30,False,3,1190.4,287
2025-12-01,26-30,False,4,1214.0,282
2025-12-01,26-30,False,5,1440.4,338
2025-12-01,26-30,True,1,316.6,76
2025-12-01,26-30,True,2,1220.4,266
2025-12-01,26-30,True,3,2008.4,469
2025-12-01,26-30,True,4,1813.9,442
2025-12-01,26-30,True,5,2485.3,563
2025-12-01,31-40,False,1,5507.5,1372
2025-12-01,31-40,False,2,5320.9,1286
2025-12-01,31-40,False,3,2518.8,642
2025-12-01,31-40,False,4,2946.4,745
2025-12-01,31-40,False,5,3005.9,758
2025-12-01,31-40,True,1,798.7,190
2025-12-01,31-40,True,2,2505.4,594
2025-12-01,31-40,True,3,4306.5,1117
2025-12-01,31-40,True,4,5516.0,1342
2025-12-01,31-40,True,5,5436.7,1261
2025-12-01,41+,False,1,12919.5,3448
2025-12-01,41+,False,2,12237.4,3434
2025-12-01,41+,False,3,6104.0,1851
2025-12-01,41+,False,4,8040.6,2341
2025-12-01,41+,False,5,7898.7,2296
2025-12-01,41+,True,1,1814.2,493
2025-12-01,41+,True,2,4688.3,1335
2025-12-01,41+,True,3,9550.0,2761
2025-12-01,41+,True,4,11774.0,3344
2025-12-01,41+,True,5,10101.2,2699
2026-01-01,16-21,False,1,3582.6,904
2026-01-01,16-21,False,2,3894.6,913
2026-01-01,16-21,False,3,972.2,236
2026-01-01,16-21,False,4,470.8,107
2026-01-01,16-21,False,5,997.6,222
2026-01-01,16-21,True,1,28.0,5
2026-01-01,16-21,True,2,45.6,8
2026-01-01,16-21,True,3,60.7,10
2026-01-01,16-21,True,4,47.4,11
2026-01-01,16-21,True,5,56.4,11
2026-01-01,22-25,False,1,2672.5,590
2026-01-01,22-25,False,2,2649.7,573
2026-01-01,22-25,False,3,1072.2,245
2026-01-01,22-25,False,4,679.1,144
2026-01-01,22-25,False,5,1227.2,257
2026-01-01,22-25,True,1,323.4,71
2026-01-01,22-25,True,2,646.1,133
2026-01-01,22-25,True,3,1164.7,246
2026-01-01,22-25,True,4,910.7,195
2026-01-01,22-25,True,5,1343.4,272
2026-01-01,26-30,False,1,2998.8,693
2026-01-01,26-30,False,2,3418.0,739
2026-01-01,26-30,False,3,1211.2,278
2026-01-01,26-30,False,4,1175.1,274
2026-01-01,26-30,False,5,1438.3,331
2026-01-01,26-30,True,1,278.1,77
2026-01-01,26-30,True,2,1125.5,251
2026-01-01,26-30,True,3,1940.5,441
2026-01-01,26-30,True,4,1897.4,455
2026-01-01,26-30,True,5,2656.1,585
2026-01-01,31-40,False,1,5240.9,1336
2026-01-01,31-40,False,2,5413.7,1309
2026-01-01,31-40,False,3,2460.1,617
2026-01-01,31-40,False,4,2629.1,692
2026-01-01,31-40,False,5,3069.7,782
2026-01-01,31-40,True,1,675.5,166
2026-01-01,31-40,True,2,2538.7,611
2026-01-01,31-40,True,3,4102.5,1079
2026-01-01,31-40,True,4,5230.3,1318
2026-01-01,31-40,True,5,5376.4,1257
2026-01-01,41+,False,1,12588.9,3395
2026-01-01,41+,False,2,12086.2,3394
2026-01-01,41+,False,3,5974.8,1845
2026-01-01,41+,False,4,7940.9,2330
2026-01-01,41+,False,5,7828.6,2270
2026-01-01,41+,True,1,1799.4,498
2026-01-01,41+,True,2,4551.5,1331
2026-01-01,41+,True,3,9573.0,2769
2026-01-01,41+,True,4,11855.5,3435
2026-01-01,41+,True,5,9750.4,2662
2026-02-01,16-21,False,1,3447.3,886
2026-02-01,16-21,False,2,3889.5,949
2026-02-01,16-21,False,3,1064.8,258
2026-02-01,16-21,False,4,483.1,120
2026-02-01,16-21,False,5,1067.2,241
2026-02-01,16-21,True,1,35.8,7
2026-02-01,16-21,True,2,56.6,12
2026-02-01,16-21,True,3,87.4,18
2026-02-01,16-21,True,4,40.9,10
2026-02-01,16-21,True,5,79.6,16
2026-02-01,22-25,False,1,2798.3,631
2026-02-01,22-25,False,2,2608.8,560
2026-02-01,22-25,False,3,1017.9,223
2026-02-01,22-25,False,4,677.6,148
2026-02-01,22-25,False,5,1259.8,278
2026-02-01,22-25,True,1,289.2,67
2026-02-01,22-25,True,2,769.1,160
2026-02-01,22-25,True,3,1246.7,266
2026-02-01,22-25,True,4,838.6,182
2026-02-01,22-25,True,5,1320.6,276
2026-02-01,26-30,False,1,3005.6,691
2026-02-01,26-30,False,2,3076.1,699
2026-02-01,26-30,False,3,1117.1,267
2026-02-01,26-30,False,4,1287.9,291
2026-02-01,26-30,False,5,1452.5,334
2026-02-01,26-30,True,1,354.7,92
2026-02-01,26-30,True,2,1174.4,257
2026-02-01,26-30,True,3,1977.5,460
2026-02-01,26-30,True,4,2073.1,475
2026-02-01,26-30,True,5,2636.6,589
2026-02-01,31-40,False,1,5210.4,1362
2026-02-01,31-40,False,2,5252.7,1350
2026-02-01,31-40,False,3,2446.2,655
2026-02-01,31-40,False,4,2850.5,736
2026-02-01,31-40,False,5,3020.1,788
2026-02-01,31-40,True,1,717.9,189
2026-02-01,31-40,True,2,2523.4,639
2026-02-01,31-40,True,3,4101.3,1111
2026-02-01,31-40,True,4,5227.1,1345
2026-02-01,31-40,True,5,5570.6,1335
2026-02-01,41+,False,1,12676.6,3528
2026-02-01,41+,False,2,11978.5,3396
2026-02-01,41+,False,3,5994.4,1882
2026-02-01,41+,False,4,7688.5,2344
2026-02-01,41+,False,5,7875.9,2362
2026-02-01,41+,True,1,1698.7,484
2026-02-01,41+,True,2,4685.1,1378
2026-02-01,41+,True,3,9707.4,2850
2026-02-01,41+,True,4,11961.6,3513
2026-02-01,41+,True,5,9732.0,2692
2026-03-01,16-21,False,1,3506.0,836
2026-03-01,16-21,False,2,4017.3,924
2026-03-01,16-21,False,3,1109.8,246
2026-03-01,16-21,False,4,468.7,99
2026-03-01,16-21,False,5,962.4,225
2026-03-01,16-21,True,1,49.0,10
2026-03-01,16-21,True,2,40.1,9
2026-03-01,16-21,True,3,67.8,16
2026-03-01,16-21,True,4,16.5,4
2026-03-01,16-21,True,5,68.1,14
2026-03-01,22-25,False,1,2835.9,620
2026-03-01,22-25,False,2,2777.0,577
2026-03-01,22-25,False,3,960.6,197
2026-03-01,22-25,False,4,772.3,158
2026-03-01,22-25,False,5,1172.5,244
2026-03-01,22-25,True,1,281.3,55
2026-03-01,22-25,True,2,762.5,158
2026-03-01,22-25,True,3,1217.2,261
2026-03-01,22-25,True,4,913.2,188
2026-03-01,22-25,True,5,1262.2,265
2026-03-01,26-30,False,1,3273.3,728
2026-03-01,26-30,False,2,3061.1,679
2026-03-01,26-30,False,3,1174.1,278
2026-03-01,26-30,False,4,1194.4,270
2026-03-01,26-30,False,5,1361.5,312
2026-03-01,26-30,True,1,426.7,106
2026-03-01,26-30,True,2,1279.2,277
2026-03-01,26-30,True,3,2007.4,451
2026-03-01,26-30,True,4,1968.6,444
2026-03-01,26-30,True,5,2472.3,534
2026-03-01,31-40,False,1,5176.7,1278
2026-03-01,31-40,False,2,5261.6,1310
2026-03-01,31-40,False,3,2358.5,611
2026-03-01,31-40,False,4,2802.5,691
2026-03-01,31-40,False,5,3213.4,793
2026-03-01,31-40,True,1,763.7,190
2026-03-01,31-40,True,2,2491.2,618
2026-03-01,31-40,True,3,4121.5,1082
2026-03-01,31-40,True,4,5496.2,1402
2026-03-01,31-40,True,5,5554.1,1303
2026-03-01,41+,False,1,12730.2,3429
2026-03-01,41+,False,2,12255.4,3348
2026-03-01,41+,False,3,5827.6,1774
2026-03-01,41+,False,4,7624.2,2216
2026-03-01,41+,False,5,7921.7,2302
2026-03-01,41+,True,1,1632.6,452
2026-03-01,41+,True,2,4663.3,1322
2026-03-01,41+,True,3,9707.2,2754
2026-03-01,41+,True,4,12165.5,3368
2026-03-01,41+,True,5,9518.2,2550
2026-04-01,16-21,False,1,3639.1,935
2026-04-01,16-21,False,2,4003.6,977
2026-04-01,16-21,False,3,982.5,249
2026-04-01,16-21,False,4,495.6,121
2026-04-01,16-21,False,5,976.9,234
2026-04-01,16-21,True,1,33.4,9
2026-04-01,16-21,True,2,24.9,6
2026-04-01,16-21,True,3,80.3,17
2026-04-01,16-21,True,4,32.1,7
2026-04-01,16-21,True,5,72.3,12
2026-04-01,22-25,False,1,2901.7,643
2026-04-01,22-25,False,2,2580.2,572
2026-04-01,22-25,False,3,979.7,212
2026-04-01,22-25,False,4,767.8,173
2026-04-01,22-25,False,5,1154.1,252
2026-04-01,22-25,True,1,282.9,62
2026-04-01,22-25,True,2,800.9,163
2026-04-01,22-25,True,3,1084.3,239
2026-04-01,22-25,True,4,813.6,180
2026-04-01,22-25,True,5,1294.4,285
2026-04-01,26-30,False,1,3394.1,808
2026-04-01,26-30,False,2,3021.2,705
2026-04-01,26-30,False,3,1185.6,295
2026-04-01,26-30,False,4,1053.8,262
2026-04-01,26-30,False,5,1467.4,349
2026-04-01,26-30,True,1,366.1,89
2026-04-01,26-30,True,2,1270.5,294
2026-04-01,26-30,True,3,2005.3,462
2026-04-01,26-30,True,4,1937.8,448
2026-04-01,26-30,True,5,2769.3,593
2026-04-01,31-40,False,1,5525.2,1401
2026-04-01,31-40,False,2,5460.8,1436
2026-04-01,31-40,False,3,2236.1,616
2026-04-01,31-40,False,4,2782.5,725
2026-04-01,31-40,False,5,3148.8,816
2026-04-01,31-40,True,1,649.9,166
2026-04-01,31-40,True,2,2365.8,646
2026-04-01,31-40,True,3,4094.0,1099
2026-04-01,31-40,True,4,5451.7,1404
2026-04-01,31-40,True,5,5518.9,1339
2026-04-01,41+,False,1,12762.8,3602
2026-04-01,41+,False,2,12020.4,3439
2026-04-01,41+,False,3,5891.2,1859
2026-04-01,41+,False,4,7704.9,2308
2026-04-01,41+,False,5,7992.8,2373
2026-04-01,41+,True,1,1592.5,469
2026-04-01,41+,True,2,4868.3,1408
2026-04-01,41+,True,3,9690.5,2827
2026-04-01,41+,True,4,12240.8,3514
2026-04-01,41+,True,5,9311.4,2613
2026-05-01,16-21,False,1,3561.9,924
2026-05-01,16-21,False,2,4272.6,1015
2026-05-01,16-21,False,3,949.5,249
2026-05-01,16-21,False,4,515.4,120
2026-05-01,16-21,False,5,916.2,242
2026-05-01,16-21,True,1,45.2,13
2026-05-01,16-21,True,2,42.7,10
2026-05-01,16-21,True,3,65.9,14
2026-05-01,16-21,True,4,42.1,8
2026-05-01,16-21,True,5,75.7,16
2026-05-01,22-25,False,1,3001.7,676
2026-05-01,22-25,False,2,2724.3,607
2026-05-01,22-25,False,3,919.2,212
2026-05-01,22-25,False,4,756.6,169
2026-05-01,22-25,False,5,876.7,199
2026-05-01,22-25,True,1,285.7,63
2026-05-01,22-25,True,2,776.5,167
2026-05-01,22-25,True,3,1095.9,250
2026-05-01,22-25,True,4,856.5,180
2026-05-01,22-25,True,5,1332.5,293
2026-05-01,26-30,False,1,3205.8,763
2026-05-01,26-30,False,2,3075.5,716
2026-05-01,26-30,False,3,1259.6,308
2026-05-01,26-30,False,4,1043.7,257
2026-05-01,26-30,False,5,1378.4,329
2026-05-01,26-30,True,1,402.9,92
2026-05-01,26-30,True,2,1238.2,289
2026-05-01,26-30,True,3,1969.7,469
2026-05-01,26-30,True,4,1962.5,459
2026-05-01,26-30,True,5,2763.1,602
2026-05-01,31-40,False,1,5441.1,1403
2026-05-01,31-40,False,2,5411.3,1418
2026-05-01,31-40,False,3,2264.2,638
2026-05-01,31-40,False,4,2882.6,762
2026-05-01,31-40,False,5,3178.8,822
2026-05-01,31-40,True,1,661.7,163
2026-05-01,31-40,True,2,2407.2,643
2026-05-01,31-40,True,3,4253.8,1155
2026-05-01,31-40,True,4,5315.8,1383
2026-05-01,31-40,True,5,5498.0,1325
2026-05-01,41+,False,1,12616.2,3606
2026-05-01,41+,False,2,12248.3,3537
2026-05-01,41+,False,3,6072.2,1890
2026-05-01,41+,False,4,7731.7,2366
2026-05-01,41+,False,5,8041.2,2459
2026-05-01,41+,True,1,1692.3,490
2026-05-01,41+,True,2,4749.4,1417
2026-05-01,41+,True,3,9595.6,2887
2026-05-01,41+,True,4,12002.6,3487
2026-05-01,41+,True,5,9421.0,2687
2026-06-01,16-21,False,1,3863.3,995
2026-06-01,16-21,False,2,4629.5,1084
2026-06-01,16-21,False,3,1182.2,286
2026-06-01,16-21,False,4,575.6,131
2026-06-01,16-21,False,5,1128.3,288
2026-06-01,16-21,True,1,35.7,9
2026-06-01,16-21,True,2,57.1,12
2026-06-01,16-21,True,3,72.8,16
2026-06-01,16-21,True,4,30.8,5
2026-06-01,16-21,True,5,67.6,15
2026-06-01,22-25,False,1,3030.7,653
2026-06-01,22-25,False,2,2734.7,591
2026-06-01,22-25,False,3,989.8,234
2026-06-01,22-25,False,4,810.6,182
2026-06-01,22-25,False,5,921.3,206
2026-06-01,22-25,True,1,324.1,71
2026-06-01,22-25,True,2,615.5,138
2026-06-01,22-25,True,3,1129.4,235
2026-06-01,22-25,True,4,835.8,177
2026-06-01,22-25,True,5,1439.9,293
2026-06-01,26-30,False,1,3010.2,727
2026-06-01,26-30,False,2,3078.3,681
2026-06-01,26-30,False,3,1199.1,273
2026-06-01,26-30,False,4,1069.1,262
2026-06-01,26-30,False,5,1245.4,300
2026-06-01,26-30,True,1,351.6,80
2026-06-01,26-30,True,2,1298.4,292
2026-06-01,26-30,True,3,1834.9,439
2026-06-01,26-30,True,4,1951.0,451
2026-06-01,26-30,True,5,2643.2,558
2026-06-01,31-40,False,1,5620.2,1414
2026-06-01,31-40,False,2,5511.3,1410
2026-06-01,31-40,False,3,2062.4,580
2026-06-01,31-40,False,4,2803.9,751
2026-06-01,31-40,False,5,3118.2,816
2026-06-01,31-40,True,1,698.0,167
2026-06-01,31-40,True,2,2458.7,637
2026-06-01,31-40,True,3,4076.3,1090
2026-06-01,31-40,True,4,5326.6,1354
2026-06-01,31-40,True,5,5283.2,1268
2026-06-01,41+,False,1,12925.7,3589
2026-06-01,41+,False,2,11967.1,3415
2026-06-01,41+,False,3,5773.7,1778
2026-06-01,41+,False,4,7946.4,2350
2026-06-01,41+,False,5,7923.5,2354
2026-06-01,41+,True,1,1776.6,524
2026-06-01,41+,True,2,4591.9,1350
2026-06-01,41+,True,3,9193.0,2731
2026-06-01,41+,True,4,12109.1,3533
2026-06-01,41+,True,5,9400.4,2639
2026-07-01,16-21,False,1,4087.3,1065
2026-07-01,16-21,False,2,4617.9,1122
2026-07-01,16-21,False,3,1117.7,276
2026-07-01,16-21,False,4,487.7,126
2026-07-01,16-21,False,5,1277.0,320
2026-07-01,16-21,True,1,46.0,10
2026-07-01,16-21,True,2,68.3,14
2026-07-01,16-21,True,3,68.1,15
2026-07-01,16-21,True,4,19.1,5
2026-07-01,16-21,True,5,75.5,17
2026-07-01,22-25,False,1,3071.3,647
2026-07-01,22-25,False,2,2716.8,581
2026-07-01,22-25,False,3,1035.3,227
2026-07-01,22-25,False,4,821.1,184
2026-07-01,22-25,False,5,939.7,198
2026-07-01,22-25,True,1,287.2,66
2026-07-01,22-25,True,2,762.7,165
2026-07-01,22-25,True,3,1089.2,233
2026-07-01,22-25,True,4,852.1,178
2026-07-01,22-25,True,5,1432.8,290
2026-07-01,26-30,False,1,2940.2,701
2026-07-01,26-30,False,2,3014.4,652
2026-07-01,26-30,False,3,1168.3,261
2026-07-01,26-30,False,4,1090.9,251
2026-07-01,26-30,False,5,1318.2,283
2026-07-01,26-30,True,1,305.4,77
2026-07-01,26-30,True,2,1291.5,290
2026-07-01,26-30,True,3,2008.0,461
2026-07-01,26-30,True,4,2008.0,450
2026-07-01,26-30,True,5,2776.4,578
2026-07-01,31-40,False,1,5744.3,1417
2026-07-01,31-40,False,2,5567.7,1363
2026-07-01,31-40,False,3,2157.4,593
2026-07-01,31-40,False,4,2952.9,755
2026-07-01,31-40,False,5,3084.1,812
2026-07-01,31-40,True,1,811.6,192
2026-07-01,31-40,True,2,2370.6,614
2026-07-01,31-40,True,3,3939.1,1076
2026-07-01,31-40,True,4,5158.3,1288
2026-07-01,31-40,True,5,5078.2,1220
2026-07-01,41+,False,1,12643.6,3537
2026-07-01,41+,False,2,11901.2,3339
2026-07-01,41+,False,3,5822.4,1759
2026-07-01,41+,False,4,7695.9,2323
2026-07-01,41+,False,5,8016.8,2301
2026-07-01,41+,True,1,1806.7,518
2026-07-01,41+,True,2,4701.2,1351
2026-07-01,41+,True,3,9101.5,2679
2026-07-01,41+,True,4,11903.2,3521
2026-07-01,41+,True,5,9549.3,2617
2026-08-01,16-21,False,1,3780.5,977
2026-08-01,16-21,False,2,4202.8,1006
2026-08-01,16-21,False,3,1133.5,263
2026-08-01,16-21,False,4,537.6,141
2026-08-01,16-21,False,5,1001.6,260
2026-08-01,16-21,True,1,60.7,13
2026-08-01,16-21,True,2,49.6,13
2026-08-01,16-21,True,3,62.1,16
2026-08-01,16-21,True,4,30.6,8
2026-08-01,16-21,True,5,70.7,19
2026-08-01,22-25,False,1,3018.3,647
2026-08-01,22-25,False,2,2882.5,625
2026-08-01,22-25,False,3,1093.4,235
2026-08-01,22-25,False,4,755.9,171
2026-08-01,22-25,False,5,906.7,193
2026-08-01,22-25,True,1,351.3,76
2026-08-01,22-25,True,2,723.0,165
2026-08-01,22-25,True,3,1052.7,229
2026-08-01,22-25,True,4,863.0,191
2026-08-01,22-25,True,5,1306.1,279
2026-08-01,26-30,False,1,3060.2,716
2026-08-01,26-30,False,2,2956.3,673
2026-08-01,26-30,False,3,1122.1,261
2026-08-01,26-30,False,4,1095.8,263
2026-08-01,26-30,False,5,1506.6,332
2026-08-01,26-30,True,1,409.0,104
2026-08-01,26-30,True,2,1227.0,286
2026-08-01,26-30,True,3,2227.7,512
2026-08-01,26-30,True,4,1972.9,451
2026-08-01,26-30,True,5,2705.6,584
2026-08-01,31-40,False,1,5375.5,1413
2026-08-01,31-40,False,2,5312.4,1327
2026-08-01,31-40,False,3,2349.0,648
2026-08-01,31-40,False,4,2881.7,752
2026-08-01,31-40,False,5,3178.6,840
2026-08-01,31-40,True,1,725.9,193
2026-08-01,31-40,True,2,2399.1,634
2026-08-01,31-40,True,3,4154.4,1141
2026-08-01,31-40,True,4,5195.5,1361
2026-08-01,31-40,True,5,5468.5,1322
2026-08-01,41+,False,1,12373.2,3526
2026-08-01,41+,False,2,11677.9,3375
2026-08-01,41+,False,3,5977.0,1813
2026-08-01,41+,False,4,7713.9,2365
2026-08-01,41+,False,5,7959.6,2325
2026-08-01,41+,True,1,1758.4,483
2026-08-01,41+,True,2,4691.3,1351
2026-08-01,41+,True,3,9222.6,2746
2026-08-01,41+,True,4,12228.4,3599
2026-08-01,41+,True,5,9858.2,2682
